Years;Prices
06/11/1995;11.984
07/11/1995;12
08/11/1995;12.158
09/11/1995;12.316
10/11/1995;12.221
13/11/1995;12.221
14/11/1995;12.403
15/11/1995;12.292
16/11/1995;12.364
17/11/1995;12.395
20/11/1995;12.53
21/11/1995;12.427
22/11/1995;12.372
23/11/1995;12.206
24/11/1995;12.071
27/11/1995;12.332
28/11/1995;12.379
29/11/1995;12.356
30/11/1995;12.316
01/12/1995;12.395
04/12/1995;12.332
05/12/1995;12.063
06/12/1995;11.96
07/12/1995;11.953
08/12/1995;11.818
11/12/1995;11.858
12/12/1995;11.984
13/12/1995;11.897
14/12/1995;12.032
15/12/1995;11.968
18/12/1995;11.866
19/12/1995;11.715
20/12/1995;11.731
21/12/1995;11.723
22/12/1995;11.81
25/12/1995;11.81
26/12/1995;11.81
27/12/1995;11.731
28/12/1995;11.692
29/12/1995;11.621
01/01/1996;11.621
02/01/1996;11.747
03/01/1996;12.142
04/01/1996;12.292
05/01/1996;12.332
08/01/1996;12.395
09/01/1996;12.55
10/01/1996;12.538
11/01/1996;12.482
12/01/1996;12.585
15/01/1996;12.601
16/01/1996;12.822
17/01/1996;12.759
18/01/1996;12.743
19/01/1996;12.735
22/01/1996;12.648
23/01/1996;12.727
24/01/1996;13.083
25/01/1996;13.107
26/01/1996;13.091
29/01/1996;13.273
30/01/1996;13.281
31/01/1996;13.375
01/02/1996;13.202
02/02/1996;13.104
05/02/1996;12.957
06/02/1996;12.964
07/02/1996;12.98
08/02/1996;12.885
09/02/1996;12.759
12/02/1996;12.822
13/02/1996;12.98
14/02/1996;12.944
15/02/1996;12.98
16/02/1996;12.933
19/02/1996;12.814
20/02/1996;12.696
21/02/1996;12.696
22/02/1996;12.775
23/02/1996;12.972
26/02/1996;12.87
27/02/1996;12.909
28/02/1996;12.996
29/02/1996;13.059
01/03/1996;13.202
04/03/1996;13.067
05/03/1996;13.036
06/03/1996;12.885
07/03/1996;12.933
08/03/1996;12.822
11/03/1996;12.577
12/03/1996;12.783
13/03/1996;12.798
14/03/1996;12.727
15/03/1996;12.806
18/03/1996;12.791
19/03/1996;12.933
20/03/1996;12.806
21/03/1996;12.775
22/03/1996;12.601
25/03/1996;12.443
26/03/1996;12.324
27/03/1996;12.285
28/03/1996;12.292
29/03/1996;12.198
01/04/1996;12.387
02/04/1996;12.427
03/04/1996;12.387
04/04/1996;12.577
05/04/1996;12.577
08/04/1996;12.577
09/04/1996;12.625
10/04/1996;12.964
11/04/1996;12.949
12/04/1996;12.949
15/04/1996;13.202
16/04/1996;13.067
17/04/1996;13.012
18/04/1996;13.107
19/04/1996;13.265
22/04/1996;13.154
23/04/1996;13.265
24/04/1996;13.289
25/04/1996;13.241
26/04/1996;13.296
29/04/1996;13.107
30/04/1996;13.067
01/05/1996;13.067
02/05/1996;13.028
03/05/1996;12.798
06/05/1996;12.862
07/05/1996;12.862
08/05/1996;12.933
09/05/1996;13.028
10/05/1996;12.957
13/05/1996;13.107
14/05/1996;13.075
15/05/1996;12.909
16/05/1996;12.909
17/05/1996;13.13
20/05/1996;13.091
21/05/1996;13.138
22/05/1996;13.194
23/05/1996;13.194
24/05/1996;13.162
27/05/1996;13.162
28/05/1996;13.257
29/05/1996;13.27
30/05/1996;13.289
31/05/1996;13.281
03/06/1996;13.254
04/06/1996;13.462
05/06/1996;13.613
06/06/1996;13.613
07/06/1996;13.708
10/06/1996;13.787
11/06/1996;13.771
12/06/1996;13.842
13/06/1996;13.771
14/06/1996;13.889
17/06/1996;13.881
18/06/1996;13.866
19/06/1996;13.85
20/06/1996;13.834
21/06/1996;13.874
24/06/1996;13.953
25/06/1996;13.881
26/06/1996;13.913
27/06/1996;13.866
28/06/1996;13.953
01/07/1996;13.937
02/07/1996;13.881
03/07/1996;13.802
04/07/1996;13.913
05/07/1996;14.182
08/07/1996;14.15
09/07/1996;14.174
10/07/1996;14.095
11/07/1996;13.874
12/07/1996;13.597
15/07/1996;13.518
16/07/1996;13.336
17/07/1996;13.363
18/07/1996;13.344
19/07/1996;13.399
22/07/1996;13.344
23/07/1996;13.344
24/07/1996;13.225
25/07/1996;13.178
26/07/1996;13.273
29/07/1996;13.281
30/07/1996;13.138
31/07/1996;13.043
01/08/1996;13.059
02/08/1996;13.289
05/08/1996;13.375
06/08/1996;13.265
07/08/1996;13.241
08/08/1996;13.312
09/08/1996;13.265
12/08/1996;13.296
13/08/1996;13.217
14/08/1996;13.296
15/08/1996;13.312
16/08/1996;13.312
19/08/1996;13.375
20/08/1996;13.32
21/08/1996;13.407
22/08/1996;13.549
23/08/1996;13.597
26/08/1996;13.534
27/08/1996;13.557
28/08/1996;13.597
29/08/1996;13.581
30/08/1996;13.565
02/09/1996;13.565
03/09/1996;13.504
04/09/1996;13.7
05/09/1996;13.597
06/09/1996;13.605
09/09/1996;13.613
10/09/1996;13.739
11/09/1996;13.723
12/09/1996;13.715
13/09/1996;13.787
16/09/1996;13.771
17/09/1996;13.755
18/09/1996;13.755
19/09/1996;13.731
20/09/1996;13.818
23/09/1996;13.755
24/09/1996;13.81
25/09/1996;13.874
26/09/1996;13.85
27/09/1996;13.826
30/09/1996;13.81
01/10/1996;13.889
02/10/1996;13.913
03/10/1996;13.913
04/10/1996;13.913
07/10/1996;14
08/10/1996;13.957
09/10/1996;13.976
10/10/1996;13.866
11/10/1996;13.866
14/10/1996;13.921
15/10/1996;14.292
16/10/1996;14.261
17/10/1996;14.261
18/10/1996;14.269
21/10/1996;14.292
22/10/1996;14.221
23/10/1996;14.221
24/10/1996;14.087
25/10/1996;14.123
28/10/1996;14.198
29/10/1996;14.032
30/10/1996;14.079
31/10/1996;14.008
01/11/1996;14.103
04/11/1996;13.976
05/11/1996;14.348
06/11/1996;14.553
07/11/1996;14.561
08/11/1996;14.656
11/11/1996;14.577
12/11/1996;14.577
13/11/1996;14.64
14/11/1996;14.64
15/11/1996;14.759
18/11/1996;14.767
19/11/1996;14.791
20/11/1996;14.735
21/11/1996;14.704
22/11/1996;14.783
25/11/1996;15.067
26/11/1996;15.573
27/11/1996;15.431
28/11/1996;15.676
29/11/1996;15.763
02/12/1996;15.984
03/12/1996;16.561
04/12/1996;16.569
05/12/1996;16.87
06/12/1996;16.206
09/12/1996;16.585
10/12/1996;17.028
11/12/1996;16.474
12/12/1996;16.458
13/12/1996;15.921
16/12/1996;16.253
17/12/1996;16.111
18/12/1996;16.142
19/12/1996;16.032
20/12/1996;16.64
23/12/1996;16.68
24/12/1996;16.68
25/12/1996;16.68
26/12/1996;16.68
27/12/1996;16.632
30/12/1996;16.964
31/12/1996;16.964
01/01/1997;16.964
02/01/1997;16.648
03/01/1997;16.743
06/01/1997;16.443
07/01/1997;16.553
08/01/1997;16.648
09/01/1997;16.648
10/01/1997;17.043
13/01/1997;16.996
14/01/1997;16.98
15/01/1997;17.391
16/01/1997;17.17
17/01/1997;17.376
20/01/1997;17.415
21/01/1997;16.996
22/01/1997;17.028
23/01/1997;16.996
24/01/1997;16.411
27/01/1997;16.174
28/01/1997;16.221
29/01/1997;16.285
30/01/1997;16.64
31/01/1997;16.585
03/02/1997;16.324
04/02/1997;16.538
05/02/1997;16.87
06/02/1997;16.949
07/02/1997;16.972
10/02/1997;17.296
11/02/1997;17.755
12/02/1997;18.324
13/02/1997;18.704
14/02/1997;18.814
17/02/1997;18.514
18/02/1997;18.719
19/02/1997;18.435
20/02/1997;18.055
21/02/1997;17.929
24/02/1997;17.976
25/02/1997;18.134
26/02/1997;17.976
27/02/1997;18.008
28/02/1997;17.96
03/03/1997;17.945
04/03/1997;18.379
05/03/1997;18.514
06/03/1997;18.862
07/03/1997;19.13
10/03/1997;19.289
11/03/1997;19.747
12/03/1997;20.04
13/03/1997;20.411
14/03/1997;19.652
17/03/1997;19.557
18/03/1997;18.814
19/03/1997;18.877
20/03/1997;18.783
21/03/1997;18.751
24/03/1997;18.783
25/03/1997;19.352
26/03/1997;20.632
27/03/1997;21.344
28/03/1997;21.344
31/03/1997;21.344
01/04/1997;20.316
02/04/1997;20.016
03/04/1997;19.273
04/04/1997;20.158
07/04/1997;20.269
08/04/1997;21.202
09/04/1997;22.166
10/04/1997;22.751
11/04/1997;22.103
14/04/1997;21.818
15/04/1997;22.387
16/04/1997;22.403
17/04/1997;22.625
18/04/1997;21.858
21/04/1997;21.644
22/04/1997;21.676
23/04/1997;21.818
24/04/1997;22.055
25/04/1997;22.292
28/04/1997;21.945
29/04/1997;21.739
30/04/1997;22.419
01/05/1997;22.419
02/05/1997;23.099
05/05/1997;23.557
06/05/1997;23.953
07/05/1997;23.573
08/05/1997;23.573
09/05/1997;23.542
12/05/1997;23.004
13/05/1997;23.21
14/05/1997;23.162
15/05/1997;22.609
16/05/1997;22.577
19/05/1997;22.577
20/05/1997;21.897
21/05/1997;21.818
22/05/1997;21.787
23/05/1997;22.545
26/05/1997;23.099
27/05/1997;23.352
28/05/1997;22.482
29/05/1997;22.482
30/05/1997;22.119
02/06/1997;22.229
03/06/1997;22.213
04/06/1997;22.498
05/06/1997;22.593
06/06/1997;22.593
09/06/1997;21.597
10/06/1997;21.708
11/06/1997;21.723
12/06/1997;21.85
13/06/1997;22.64
16/06/1997;22.514
17/06/1997;22.134
18/06/1997;22.593
19/06/1997;22.53
20/06/1997;22.466
23/06/1997;22.166
24/06/1997;22.182
25/06/1997;22.277
26/06/1997;22.561
27/06/1997;22.64
30/06/1997;22.814
01/07/1997;22.435
02/07/1997;22.798
03/07/1997;23.32
04/07/1997;23.083
07/07/1997;23.194
08/07/1997;23.573
09/07/1997;23.779
10/07/1997;23.32
11/07/1997;23.494
14/07/1997;24.332
15/07/1997;24.269
16/07/1997;24.221
17/07/1997;24.332
18/07/1997;24
21/07/1997;22.941
22/07/1997;23.115
23/07/1997;23.7
24/07/1997;23.668
25/07/1997;23.636
28/07/1997;23.32
29/07/1997;22.925
30/07/1997;22.957
31/07/1997;23.684
01/08/1997;23.573
04/08/1997;23.02
05/08/1997;23.273
06/08/1997;23.225
07/08/1997;23.083
08/08/1997;22.783
11/08/1997;22.419
12/08/1997;22.814
13/08/1997;22.34
14/08/1997;21.581
15/08/1997;21.091
18/08/1997;20.474
19/08/1997;21.154
20/08/1997;21.976
21/08/1997;21.897
22/08/1997;20.949
25/08/1997;20.996
26/08/1997;20.261
27/08/1997;20.585
28/08/1997;20.664
29/08/1997;20.237
01/09/1997;20.395
02/09/1997;20.759
03/09/1997;21.075
04/09/1997;20.949
05/09/1997;20.617
08/09/1997;20.791
09/09/1997;21.059
10/09/1997;21.597
11/09/1997;21.17
12/09/1997;20.711
15/09/1997;21.059
16/09/1997;21.383
17/09/1997;21.992
18/09/1997;21.344
19/09/1997;21.565
22/09/1997;21.534
23/09/1997;21.976
24/09/1997;22.008
25/09/1997;22.925
26/09/1997;22.893
29/09/1997;23.32
30/09/1997;23.787
01/10/1997;23.668
02/10/1997;23.668
03/10/1997;23.668
06/10/1997;23.241
07/10/1997;23.115
08/10/1997;23.004
09/10/1997;23.036
10/10/1997;22.451
13/10/1997;22.909
14/10/1997;22.656
15/10/1997;22.672
16/10/1997;22.372
17/10/1997;21.866
20/10/1997;21.344
21/10/1997;21.692
22/10/1997;22.008
23/10/1997;21.344
24/10/1997;21.976
27/10/1997;20.87
28/10/1997;17.787
29/10/1997;19.921
30/10/1997;19.605
31/10/1997;19.715
03/11/1997;20.379
04/11/1997;20.49
05/11/1997;20.585
06/11/1997;20.522
07/11/1997;19.289
10/11/1997;19.209
11/11/1997;18.972
12/11/1997;18.419
13/11/1997;18.103
14/11/1997;18.846
17/11/1997;19.415
18/11/1997;19.652
19/11/1997;19.842
20/11/1997;20.411
21/11/1997;20.949
24/11/1997;20.269
25/11/1997;20.269
26/11/1997;20.474
27/11/1997;20.632
28/11/1997;20.822
01/12/1997;21.771
02/12/1997;22.008
03/12/1997;22.292
04/12/1997;22.419
05/12/1997;22.411
08/12/1997;22.814
09/12/1997;22.356
10/12/1997;21.739
11/12/1997;20.791
12/12/1997;20.933
15/12/1997;20.87
16/12/1997;20.553
17/12/1997;20.474
18/12/1997;20.474
19/12/1997;19.526
22/12/1997;19.162
23/12/1997;19.589
24/12/1997;19.589
25/12/1997;19.589
26/12/1997;19.589
29/12/1997;20.285
30/12/1997;21.265
31/12/1997;21.265
01/01/1998;21.265
02/01/1998;21.581
05/01/1998;22.134
06/01/1998;21.692
07/01/1998;22.134
08/01/1998;21.676
09/01/1998;20.711
12/01/1998;19.542
13/01/1998;20.237
14/01/1998;20.506
15/01/1998;20.538
16/01/1998;20.474
19/01/1998;21.043
20/01/1998;21.123
21/01/1998;21.502
22/01/1998;21.336
23/01/1998;20.901
26/01/1998;20.474
27/01/1998;21.391
28/01/1998;21.897
29/01/1998;22.356
30/01/1998;23.083
02/02/1998;23.668
03/02/1998;23.708
04/02/1998;23.415
05/02/1998;23.636
06/02/1998;23.083
09/02/1998;23.953
10/02/1998;23.652
11/02/1998;25.439
12/02/1998;25.328
13/02/1998;25.043
16/02/1998;25.344
17/02/1998;25.455
18/02/1998;25.605
19/02/1998;25.186
20/02/1998;25.233
23/02/1998;25.945
24/02/1998;26.245
25/02/1998;26.719
26/02/1998;27.399
27/02/1998;28.933
02/03/1998;29.565
03/03/1998;30.893
04/03/1998;29.644
05/03/1998;28.585
06/03/1998;29.534
09/03/1998;30.024
10/03/1998;29.407
11/03/1998;29.518
12/03/1998;29.217
13/03/1998;30.04
16/03/1998;29.597
17/03/1998;30.087
18/03/1998;30.04
19/03/1998;30.435
20/03/1998;32.885
23/03/1998;32.664
24/03/1998;33.518
25/03/1998;33.36
26/03/1998;32.822
27/03/1998;33.044
30/03/1998;33.249
31/03/1998;32.332
01/04/1998;32.49
02/04/1998;34.609
03/04/1998;35.067
06/04/1998;34.814
07/04/1998;34.704
08/04/1998;34.198
09/04/1998;34.308
10/04/1998;34.308
13/04/1998;34.308
14/04/1998;34.514
15/04/1998;32.806
16/04/1998;32.996
17/04/1998;32.806
20/04/1998;33.802
21/04/1998;32.269
22/04/1998;31.937
23/04/1998;31.036
24/04/1998;30.119
27/04/1998;30.435
28/04/1998;30.055
29/04/1998;30.751
30/04/1998;31.304
01/05/1998;31.304
04/05/1998;32.221
05/05/1998;32.047
06/05/1998;31.889
07/05/1998;31.779
08/05/1998;31.462
11/05/1998;31.225
12/05/1998;32.158
13/05/1998;32.253
14/05/1998;31.573
15/05/1998;31.162
18/05/1998;30.672
19/05/1998;31.431
20/05/1998;34.947
21/05/1998;34.947
22/05/1998;34.302
25/05/1998;33.885
26/05/1998;34.928
27/05/1998;34.719
28/05/1998;35.953
29/05/1998;35.82
01/06/1998;35.82
02/06/1998;35.289
03/06/1998;35.668
04/06/1998;36.256
05/06/1998;37.47
08/06/1998;38.495
09/06/1998;37.129
10/06/1998;37.875
11/06/1998;37.875
12/06/1998;36.813
15/06/1998;35.2
16/06/1998;35.2
17/06/1998;35.889
18/06/1998;35.692
19/06/1998;34.512
22/06/1998;33.745
23/06/1998;34.296
24/06/1998;34.571
25/06/1998;35.751
26/06/1998;35.594
29/06/1998;35.594
30/06/1998;35.889
01/07/1998;35.83
02/07/1998;35.79
03/07/1998;36.085
06/07/1998;36.695
07/07/1998;38.249
08/07/1998;38.524
09/07/1998;37.285
10/07/1998;38.19
13/07/1998;38.052
14/07/1998;37.934
15/07/1998;38.347
16/07/1998;38.937
17/07/1998;38.308
20/07/1998;37.482
21/07/1998;36.479
22/07/1998;35.751
23/07/1998;33.883
24/07/1998;33.804
27/07/1998;33.588
28/07/1998;34.316
29/07/1998;35.161
30/07/1998;34.611
31/07/1998;33.785
03/08/1998;32.546
04/08/1998;32.074
05/08/1998;32.329
06/08/1998;31.661
07/08/1998;31.621
10/08/1998;30.835
11/08/1998;30.088
12/08/1998;30.776
13/08/1998;29.793
14/08/1998;30.147
17/08/1998;30.776
18/08/1998;30.953
19/08/1998;31.562
20/08/1998;30.815
21/08/1998;28.711
24/08/1998;27.924
25/08/1998;27.531
26/08/1998;27.334
27/08/1998;27.531
28/08/1998;26.548
31/08/1998;25.761
01/09/1998;23.637
02/09/1998;25.466
03/09/1998;23.795
04/09/1998;24.188
07/09/1998;25.388
08/09/1998;26.941
09/09/1998;25.86
10/09/1998;24.129
11/09/1998;24.621
14/09/1998;24.286
15/09/1998;23.736
16/09/1998;23.519
17/09/1998;22.615
18/09/1998;21.12
21/09/1998;19.665
22/09/1998;20.412
23/09/1998;21.474
24/09/1998;22.025
25/09/1998;20.786
28/09/1998;22.713
29/09/1998;23.008
30/09/1998;21.14
01/10/1998;20.157
02/10/1998;20.353
05/10/1998;21.14
06/10/1998;21.396
07/10/1998;20.255
08/10/1998;17.895
09/10/1998;19.193
12/10/1998;20.412
13/10/1998;20.255
14/10/1998;19.96
15/10/1998;20.747
16/10/1998;21.435
19/10/1998;21.14
20/10/1998;22.634
21/10/1998;22.32
22/10/1998;21.494
23/10/1998;21.002
26/10/1998;21.828
27/10/1998;23.028
28/10/1998;22.025
29/10/1998;22.32
30/10/1998;22.949
02/11/1998;23.598
03/11/1998;23.244
04/11/1998;23.598
05/11/1998;23.598
06/11/1998;23.401
09/11/1998;23.126
10/11/1998;21.533
11/11/1998;21.553
12/11/1998;20.648
13/11/1998;21.258
16/11/1998;22.025
17/11/1998;21.828
18/11/1998;22.064
19/11/1998;22.123
20/11/1998;22.713
23/11/1998;23.5
24/11/1998;23.637
25/11/1998;24.129
26/11/1998;25.171
27/11/1998;26.351
30/11/1998;25.761
01/12/1998;23.598
02/12/1998;22.458
03/12/1998;21.927
04/12/1998;21.042
07/12/1998;20.845
08/12/1998;20.786
09/12/1998;20.55
10/12/1998;21.042
11/12/1998;20.55
14/12/1998;20.806
15/12/1998;20.845
16/12/1998;21.238
17/12/1998;21.592
18/12/1998;20.845
21/12/1998;23.047
22/12/1998;23.5
23/12/1998;24.09
24/12/1998;24.09
25/12/1998;24.09
28/12/1998;25.761
29/12/1998;25.211
30/12/1998;25.427
31/12/1998;25.427
01/01/1999;25.427
04/01/1999;26.538
05/01/1999;26.615
06/01/1999;28.538
07/01/1999;27.769
08/01/1999;27.923
11/01/1999;27.231
12/01/1999;26.385
13/01/1999;24.346
14/01/1999;23.577
15/01/1999;23.5
18/01/1999;23.692
19/01/1999;24.192
20/01/1999;24.077
21/01/1999;24.115
22/01/1999;23.269
25/01/1999;23.538
26/01/1999;23.25
27/01/1999;23.308
28/01/1999;23.462
29/01/1999;24
01/02/1999;24
02/02/1999;24.115
03/02/1999;23.615
04/02/1999;25.346
05/02/1999;26.231
08/02/1999;27.942
09/02/1999;27.577
10/02/1999;27.154
11/02/1999;26.865
12/02/1999;27.808
15/02/1999;28.654
16/02/1999;28.885
17/02/1999;28.096
18/02/1999;27.077
19/02/1999;26.885
22/02/1999;26.577
23/02/1999;26.731
24/02/1999;25.654
25/02/1999;25.923
26/02/1999;25.308
01/03/1999;24.423
02/03/1999;24.231
03/03/1999;23.115
04/03/1999;23.327
05/03/1999;23.577
08/03/1999;23.654
09/03/1999;24.077
10/03/1999;23.385
11/03/1999;22.885
12/03/1999;23.231
15/03/1999;23.192
16/03/1999;23.269
17/03/1999;24.231
18/03/1999;24.423
19/03/1999;25.308
22/03/1999;25
23/03/1999;24.346
24/03/1999;24.038
25/03/1999;24.846
26/03/1999;24
29/03/1999;25.115
30/03/1999;24.519
31/03/1999;23.346
01/04/1999;23.385
02/04/1999;23.385
05/04/1999;23.385
06/04/1999;23.654
07/04/1999;23.577
08/04/1999;23.962
09/04/1999;24.385
12/04/1999;24.808
13/04/1999;24.885
14/04/1999;25.154
15/04/1999;25.442
16/04/1999;25.923
19/04/1999;25.462
20/04/1999;24.385
21/04/1999;24.654
22/04/1999;25.077
23/04/1999;25.923
26/04/1999;25.923
27/04/1999;25.923
28/04/1999;25.654
29/04/1999;25.269
30/04/1999;26.077
03/05/1999;26.077
04/05/1999;26.269
05/05/1999;26.654
06/05/1999;26.308
07/05/1999;26.538
10/05/1999;25.712
11/05/1999;26.269
12/05/1999;25.692
13/05/1999;25.692
14/05/1999;25.615
17/05/1999;25.731
18/05/1999;25.923
19/05/1999;25.115
20/05/1999;24.538
21/05/1999;25.385
24/05/1999;25.385
25/05/1999;24.692
26/05/1999;24.308
27/05/1999;23.846
28/05/1999;23.615
31/05/1999;23.481
01/06/1999;23.5
02/06/1999;24.288
03/06/1999;24.288
04/06/1999;25
07/06/1999;25.231
08/06/1999;24.577
09/06/1999;25.288
10/06/1999;25.173
11/06/1999;25.346
14/06/1999;25.577
15/06/1999;25.385
16/06/1999;25.077
17/06/1999;25.077
18/06/1999;25.385
21/06/1999;26.327
22/06/1999;27.019
23/06/1999;26.269
24/06/1999;25.519
25/06/1999;25.846
28/06/1999;26.115
29/06/1999;26.077
30/06/1999;25.654
01/07/1999;26.423
02/07/1999;26.5
05/07/1999;26.808
06/07/1999;26.692
07/07/1999;27.115
08/07/1999;27.538
09/07/1999;28.077
12/07/1999;28.538
13/07/1999;27.462
14/07/1999;27.769
15/07/1999;27.885
16/07/1999;27.75
19/07/1999;28.346
20/07/1999;28.154
21/07/1999;28.115
22/07/1999;26.962
23/07/1999;26.192
26/07/1999;25.692
27/07/1999;26.308
28/07/1999;26.462
29/07/1999;26.962
30/07/1999;28.462
02/08/1999;27.769
03/08/1999;27.577
04/08/1999;28.442
05/08/1999;27.308
06/08/1999;26.577
09/08/1999;27.077
10/08/1999;26.346
11/08/1999;27.096
12/08/1999;28.038
13/08/1999;28.288
16/08/1999;28.115
17/08/1999;27.962
18/08/1999;28.096
19/08/1999;28.308
20/08/1999;28.654
23/08/1999;28.47
24/08/1999;28.1
25/08/1999;28.15
26/08/1999;28.75
27/08/1999;29.85
30/08/1999;29.95
31/08/1999;30.05
01/09/1999;29.52
02/09/1999;28.4
03/09/1999;29.75
06/09/1999;30
07/09/1999;30.55
08/09/1999;31.6
09/09/1999;31.1
10/09/1999;30.95
13/09/1999;31.3
14/09/1999;30.5
15/09/1999;31.2
16/09/1999;29.9
17/09/1999;29
20/09/1999;28.8
21/09/1999;28.35
22/09/1999;28.55
23/09/1999;28.6
24/09/1999;27.8
27/09/1999;28.1
28/09/1999;27
29/09/1999;26.8
30/09/1999;26.6
01/10/1999;26.75
04/10/1999;28.25
05/10/1999;29.05
06/10/1999;28.7
07/10/1999;29.2
08/10/1999;28.95
11/10/1999;28.8
12/10/1999;28.4
13/10/1999;28.1
14/10/1999;27.45
15/10/1999;27.1
18/10/1999;27.35
19/10/1999;28.25
20/10/1999;28.85
21/10/1999;28.3
22/10/1999;28.7
25/10/1999;29.05
26/10/1999;29.8
27/10/1999;29.5
28/10/1999;30.55
29/10/1999;30.3
01/11/1999;31.15
02/11/1999;29.85
03/11/1999;28.75
04/11/1999;28.8
05/11/1999;28.05
08/11/1999;28.35
09/11/1999;28.75
10/11/1999;28.8
11/11/1999;28.05
12/11/1999;26.8
15/11/1999;25.8
16/11/1999;26.35
17/11/1999;26.5
18/11/1999;26.88
19/11/1999;27
22/11/1999;26.4
23/11/1999;26
24/11/1999;26.35
25/11/1999;26.28
26/11/1999;26.1
29/11/1999;26
30/11/1999;26.5
01/12/1999;27.1
02/12/1999;27.2
03/12/1999;28
06/12/1999;28.6
07/12/1999;28
08/12/1999;26.9
09/12/1999;27.75
10/12/1999;27.8
13/12/1999;26.65
14/12/1999;27.15
15/12/1999;27.45
16/12/1999;30.7
17/12/1999;29.65
20/12/1999;29.3
21/12/1999;29.35
22/12/1999;29
23/12/1999;29.9
24/12/1999;29.9
27/12/1999;29.5
28/12/1999;30.5
29/12/1999;30.1
30/12/1999;30.3
31/12/1999;30.3
03/01/2000;29.1
04/01/2000;28.2
05/01/2000;27.7
06/01/2000;28.2
07/01/2000;27.7
10/01/2000;28.7
11/01/2000;28.58
12/01/2000;28.33
13/01/2000;27.25
14/01/2000;26.75
17/01/2000;27.15
18/01/2000;26.9
19/01/2000;27.3
20/01/2000;26.4
21/01/2000;25.65
24/01/2000;25
25/01/2000;23.3
26/01/2000;24.4
27/01/2000;24.6
28/01/2000;24.8
31/01/2000;23.7
01/02/2000;24.35
02/02/2000;24.25
03/02/2000;25.7
04/02/2000;25.65
07/02/2000;25.3
08/02/2000;24.9
09/02/2000;24.9
10/02/2000;25.95
11/02/2000;25.25
14/02/2000;25.15
15/02/2000;24.75
16/02/2000;25.3
17/02/2000;24.95
18/02/2000;26.4
21/02/2000;27.7
22/02/2000;27.9
23/02/2000;26.95
24/02/2000;26.95
25/02/2000;27.25
28/02/2000;26.15
29/02/2000;26.6
01/03/2000;26.8
02/03/2000;27
03/03/2000;25.85
06/03/2000;25.7
07/03/2000;25.2
08/03/2000;25.8
09/03/2000;25.5
10/03/2000;26.5
13/03/2000;26.8
14/03/2000;27.5
15/03/2000;30.31
16/03/2000;31.7
17/03/2000;30.4
20/03/2000;30.4
21/03/2000;32.95
22/03/2000;34.1
23/03/2000;33.25
24/03/2000;33.2
27/03/2000;32.7
28/03/2000;32.6
29/03/2000;34.7
30/03/2000;34.55
31/03/2000;32.95
03/04/2000;32.3
04/04/2000;33.2
05/04/2000;32.9
06/04/2000;32.4
07/04/2000;31.05
10/04/2000;32.8
11/04/2000;32.4
12/04/2000;32.7
13/04/2000;31.78
14/04/2000;31.2
17/04/2000;30.3
18/04/2000;30.1
19/04/2000;29.95
20/04/2000;29.8
21/04/2000;29.8
24/04/2000;29.8
25/04/2000;30.9
26/04/2000;30.1
27/04/2000;30.25
28/04/2000;29.25
01/05/2000;29.25
02/05/2000;30.25
03/05/2000;30.7
04/05/2000;31.75
05/05/2000;32.1
08/05/2000;32.8
09/05/2000;33.8
10/05/2000;33.4
11/05/2000;33.8
12/05/2000;32.6
15/05/2000;32.8
16/05/2000;33.4
17/05/2000;31.8
18/05/2000;30.6
19/05/2000;30.55
22/05/2000;30.15
23/05/2000;30.7
24/05/2000;32.05
25/05/2000;32.55
26/05/2000;31.8
29/05/2000;32.6
30/05/2000;32.4
31/05/2000;32.3
01/06/2000;33
02/06/2000;33.8
05/06/2000;33.35
06/06/2000;33
07/06/2000;31.95
08/06/2000;32
09/06/2000;32.6
12/06/2000;33.2
13/06/2000;33.9
14/06/2000;34.2
15/06/2000;34.5
16/06/2000;33.65
19/06/2000;33.1
20/06/2000;33
21/06/2000;32.9
22/06/2000;32.5
23/06/2000;31.7
26/06/2000;31.7
27/06/2000;31
28/06/2000;31.25
29/06/2000;32.75
30/06/2000;31.6
03/07/2000;32
04/07/2000;33.25
05/07/2000;33.75
06/07/2000;36.3
07/07/2000;35.6
10/07/2000;35.2
11/07/2000;36
12/07/2000;37.6
13/07/2000;37.55
14/07/2000;36.3
17/07/2000;35.45
18/07/2000;36.5
19/07/2000;36
20/07/2000;37.4
21/07/2000;37.15
24/07/2000;37.2
25/07/2000;36.63
26/07/2000;36.9
27/07/2000;36.65
28/07/2000;36.3
31/07/2000;37
01/08/2000;36.1
02/08/2000;35.7
03/08/2000;36.3
04/08/2000;36.35
07/08/2000;36.7
08/08/2000;36.4
09/08/2000;37.5
10/08/2000;37.8
11/08/2000;37.9
14/08/2000;36.6
15/08/2000;36.2
16/08/2000;37.7
17/08/2000;37.2
18/08/2000;36.25
21/08/2000;36.5
22/08/2000;36.8
23/08/2000;36.3
24/08/2000;37.2
25/08/2000;37.3
28/08/2000;37.95
29/08/2000;38
30/08/2000;36.5
31/08/2000;36.45
01/09/2000;36.05
04/09/2000;36.7
05/09/2000;36.8
06/09/2000;36.8
07/09/2000;37.65
08/09/2000;37.8
11/09/2000;37.8
12/09/2000;38
13/09/2000;37.2
14/09/2000;37.3
15/09/2000;37.6
18/09/2000;37
19/09/2000;37.15
20/09/2000;36.4
21/09/2000;37.35
22/09/2000;37.5
25/09/2000;37
26/09/2000;37.2
27/09/2000;36.85
28/09/2000;37.75
29/09/2000;38.7
02/10/2000;39.55
03/10/2000;39.55
04/10/2000;40.85
05/10/2000;41
06/10/2000;39
09/10/2000;39.5
10/10/2000;39.4
11/10/2000;38.9
12/10/2000;37.8
13/10/2000;37.7
16/10/2000;37.7
17/10/2000;37.25
18/10/2000;36.4
19/10/2000;37
20/10/2000;36.8
23/10/2000;37.3
24/10/2000;37.1
25/10/2000;37
26/10/2000;37.4
27/10/2000;38.5
30/10/2000;38.4
31/10/2000;39
01/11/2000;39.7
02/11/2000;38.5
03/11/2000;39.5
06/11/2000;40.2
07/11/2000;39.6
08/11/2000;38.5
09/11/2000;38.9
10/11/2000;38.7
13/11/2000;37.9
14/11/2000;39.3
15/11/2000;40
16/11/2000;39.1
17/11/2000;38.1
20/11/2000;37.3
21/11/2000;36.5
22/11/2000;35
23/11/2000;35.6
24/11/2000;35.1
27/11/2000;35.6
28/11/2000;36.6
29/11/2000;36.49
30/11/2000;34.5
01/12/2000;34
04/12/2000;32.9
05/12/2000;33.8
06/12/2000;34.8
07/12/2000;34
08/12/2000;35
11/12/2000;35.55
12/12/2000;35.6
13/12/2000;34.8
14/12/2000;34.75
15/12/2000;33.75
18/12/2000;33.7
19/12/2000;36
20/12/2000;35.3
21/12/2000;34
22/12/2000;33
25/12/2000;33
26/12/2000;33
27/12/2000;35
28/12/2000;34.4
29/12/2000;34.8
01/01/2001;34.8
02/01/2001;34.5
03/01/2001;35.5
04/01/2001;35.4
05/01/2001;37
08/01/2001;37
09/01/2001;36.5
10/01/2001;35.9
11/01/2001;35.02
12/01/2001;35.5
15/01/2001;35.4
16/01/2001;34.8
17/01/2001;35.7
18/01/2001;36.5
19/01/2001;36.85
22/01/2001;38.25
23/01/2001;38.4
24/01/2001;38.7
25/01/2001;38.2
26/01/2001;38
29/01/2001;37.8
30/01/2001;37.45
31/01/2001;37.8
01/02/2001;38.65
02/02/2001;37.9
05/02/2001;37.4
06/02/2001;39
07/02/2001;38.5
08/02/2001;38.5
09/02/2001;38.7
12/02/2001;39.05
13/02/2001;38.85
14/02/2001;39
15/02/2001;39.4
16/02/2001;38.8
19/02/2001;39.6
20/02/2001;39.7
21/02/2001;39.9
22/02/2001;39.4
23/02/2001;38.9
26/02/2001;38
27/02/2001;38
28/02/2001;37.9
01/03/2001;38.2
02/03/2001;38.6
05/03/2001;38.2
06/03/2001;37.6
07/03/2001;37.5
08/03/2001;39
09/03/2001;38.8
12/03/2001;38.9
13/03/2001;38
14/03/2001;35.5
15/03/2001;35.1
16/03/2001;35.25
19/03/2001;35.05
20/03/2001;34.6
21/03/2001;34.1
22/03/2001;31.5
23/03/2001;33
26/03/2001;33.65
27/03/2001;35
28/03/2001;35
29/03/2001;35.6
30/03/2001;35
02/04/2001;34.5
03/04/2001;33.5
04/04/2001;34.2
05/04/2001;34.7
06/04/2001;35
09/04/2001;35.1
10/04/2001;35.2
11/04/2001;35.7
12/04/2001;36.35
13/04/2001;36.35
16/04/2001;36.35
17/04/2001;36.5
18/04/2001;37.1
19/04/2001;37.85
20/04/2001;37
23/04/2001;37.1
24/04/2001;37.5
25/04/2001;37.7
26/04/2001;37.7
27/04/2001;37
30/04/2001;37.6
01/05/2001;37.6
02/05/2001;39.2
03/05/2001;39.3
04/05/2001;39
07/05/2001;38.9
08/05/2001;38.8
09/05/2001;39.5
10/05/2001;41.3
11/05/2001;40.65
14/05/2001;40.3
15/05/2001;40.4
16/05/2001;40.2
17/05/2001;40
18/05/2001;41.65
21/05/2001;40.8
22/05/2001;40.17
23/05/2001;40.1
24/05/2001;40.4
25/05/2001;40.2
28/05/2001;39.7
29/05/2001;39.1
30/05/2001;39.1
31/05/2001;39.5
01/06/2001;39.7
04/06/2001;40
05/06/2001;40.3
06/06/2001;39.7
07/06/2001;41
08/06/2001;40.5
11/06/2001;39.95
12/06/2001;39.7
13/06/2001;39.7
14/06/2001;38.75
15/06/2001;38
18/06/2001;37.8
19/06/2001;38.3
20/06/2001;38.2
21/06/2001;38
22/06/2001;38.4
25/06/2001;38.2
26/06/2001;37.8
27/06/2001;38.85
28/06/2001;38.7
29/06/2001;38.9
02/07/2001;39.6
03/07/2001;39.7
04/07/2001;40.15
05/07/2001;40.2
06/07/2001;39.6
09/07/2001;39.85
10/07/2001;39.85
11/07/2001;40
12/07/2001;39.85
13/07/2001;40
16/07/2001;39.7
17/07/2001;39.4
18/07/2001;38.75
19/07/2001;38.75
20/07/2001;39
23/07/2001;39
24/07/2001;39.2
25/07/2001;39.3
26/07/2001;39.7
27/07/2001;40
30/07/2001;39.9
31/07/2001;40.2
01/08/2001;40.5
02/08/2001;40.65
03/08/2001;39.75
06/08/2001;40.7
07/08/2001;40
08/08/2001;38.95
09/08/2001;38.5
10/08/2001;38.32
13/08/2001;38.7
14/08/2001;38.9
15/08/2001;38.1
16/08/2001;36.15
17/08/2001;35
20/08/2001;34.9
21/08/2001;35.05
22/08/2001;35.6
23/08/2001;35.9
24/08/2001;36.6
27/08/2001;36.1
28/08/2001;35.45
29/08/2001;35.3
30/08/2001;35.4
31/08/2001;35.1
03/09/2001;35.3
04/09/2001;37.25
05/09/2001;37.2
06/09/2001;37.2
07/09/2001;36.5
10/09/2001;35.25
11/09/2001;32.8
12/09/2001;31.69
13/09/2001;31
14/09/2001;28
17/09/2001;28.4
18/09/2001;27.7
19/09/2001;26.75
20/09/2001;24.01
21/09/2001;25.2
24/09/2001;28.15
25/09/2001;26.6
26/09/2001;26.3
27/09/2001;26.6
28/09/2001;27.95
01/10/2001;28.25
02/10/2001;29.3
03/10/2001;29.8
04/10/2001;31.3
05/10/2001;31.4
08/10/2001;32
09/10/2001;32
10/10/2001;32.2
11/10/2001;33.55
12/10/2001;32.9
15/10/2001;32.75
16/10/2001;33
17/10/2001;33.55
18/10/2001;33.2
19/10/2001;32.8
22/10/2001;34.2
23/10/2001;34.7
24/10/2001;35
25/10/2001;34.2
26/10/2001;34.6
29/10/2001;33.7
30/10/2001;32.6
31/10/2001;33
01/11/2001;34.2
02/11/2001;34.2
05/11/2001;35.4
06/11/2001;34.75
07/11/2001;36.85
08/11/2001;37
09/11/2001;37.5
12/11/2001;36.5
13/11/2001;38.25
14/11/2001;37.9
15/11/2001;37.9
16/11/2001;38.2
19/11/2001;39.2
20/11/2001;38.55
21/11/2001;38.8
22/11/2001;38.4
23/11/2001;38.8
26/11/2001;38.5
27/11/2001;37.5
28/11/2001;37.55
29/11/2001;36.7
30/11/2001;37
03/12/2001;36.6
04/12/2001;37.3
05/12/2001;38.8
06/12/2001;39.25
07/12/2001;38.25
10/12/2001;38
11/12/2001;38.5
12/12/2001;37.5
13/12/2001;37.2
14/12/2001;37
17/12/2001;38.5
18/12/2001;38.4
19/12/2001;38
20/12/2001;38.1
21/12/2001;39.4
24/12/2001;39.4
25/12/2001;39.4
26/12/2001;39.4
27/12/2001;39.4
28/12/2001;39.55
31/12/2001;39.55
01/01/2002;39.55
02/01/2002;39.6
03/01/2002;40.65
04/01/2002;40.95
07/01/2002;40.1
08/01/2002;40.6
09/01/2002;40.4
10/01/2002;40
11/01/2002;39.7
14/01/2002;38.6
15/01/2002;38.2
16/01/2002;37.4
17/01/2002;38.1
18/01/2002;37.9
21/01/2002;37.7
22/01/2002;37.7
23/01/2002;38
24/01/2002;38
25/01/2002;38.5
28/01/2002;40
29/01/2002;41.1
30/01/2002;41.4
31/01/2002;42.4
01/02/2002;42.3
04/02/2002;41.8
05/02/2002;41.35
06/02/2002;40.4
07/02/2002;40
08/02/2002;40.85
11/02/2002;40.65
12/02/2002;40.75
13/02/2002;41.5
14/02/2002;42
15/02/2002;41.3
18/02/2002;41.3
19/02/2002;41.3
20/02/2002;40.79
21/02/2002;41.45
22/02/2002;40.5
25/02/2002;41.2
26/02/2002;41.5
27/02/2002;42.1
28/02/2002;42.55
01/03/2002;43.7
04/03/2002;44.6
05/03/2002;45
06/03/2002;43.9
07/03/2002;44.2
08/03/2002;44.6
11/03/2002;44.55
12/03/2002;44
13/03/2002;44.5
14/03/2002;44.1
15/03/2002;45.6
18/03/2002;45.9
19/03/2002;46.7
20/03/2002;46.2
21/03/2002;47.4
22/03/2002;47
25/03/2002;45.5
26/03/2002;45.1
27/03/2002;45.25
28/03/2002;45.7
29/03/2002;45.7
01/04/2002;45.7
02/04/2002;45.5
03/04/2002;44.85
04/04/2002;44.3
05/04/2002;44.6
08/04/2002;44.55
09/04/2002;44.8
10/04/2002;45
11/04/2002;44
12/04/2002;44.2
15/04/2002;44.5
16/04/2002;45.85
17/04/2002;45.45
18/04/2002;45.4
19/04/2002;45.85
22/04/2002;45.22
23/04/2002;45.3
24/04/2002;44.95
25/04/2002;44
26/04/2002;44
29/04/2002;43.3
30/04/2002;44.3
01/05/2002;44.3
02/05/2002;45
03/05/2002;44.2
06/05/2002;44.55
07/05/2002;44.7
08/05/2002;45.8
09/05/2002;46
10/05/2002;47
13/05/2002;46.9
14/05/2002;47
15/05/2002;46.2
16/05/2002;46.7
17/05/2002;47.5
20/05/2002;47
21/05/2002;47.25
22/05/2002;47.2
23/05/2002;46.4
24/05/2002;46.25
27/05/2002;46.4
28/05/2002;46.15
29/05/2002;45.8
30/05/2002;44.9
31/05/2002;45.8
03/06/2002;44.7
04/06/2002;43.7
05/06/2002;44.25
06/06/2002;44.5
07/06/2002;44.34
10/06/2002;44.4
11/06/2002;45
12/06/2002;44.2
13/06/2002;42.27
14/06/2002;40.1
17/06/2002;42.1
18/06/2002;42.05
19/06/2002;41.7
20/06/2002;40.05
21/06/2002;38.8
24/06/2002;37.75
25/06/2002;40.3
26/06/2002;40.75
27/06/2002;40.5
28/06/2002;41.75
01/07/2002;41.1
02/07/2002;39.75
03/07/2002;39.4
04/07/2002;40.2
05/07/2002;42.1
08/07/2002;42.3
09/07/2002;43
10/07/2002;41.5
11/07/2002;41
12/07/2002;41.6
15/07/2002;39
16/07/2002;38.8
17/07/2002;39.3
18/07/2002;40
19/07/2002;38.3
22/07/2002;35.7
23/07/2002;35.95
24/07/2002;36.3
25/07/2002;36.8
26/07/2002;36.85
29/07/2002;39.95
30/07/2002;40
31/07/2002;38.4
01/08/2002;37.5
02/08/2002;38.5
05/08/2002;37.3
06/08/2002;39
07/08/2002;39.5
08/08/2002;38.41
09/08/2002;38.25
12/08/2002;38.5
13/08/2002;39.25
14/08/2002;39
15/08/2002;40
16/08/2002;39.4
19/08/2002;40.45
20/08/2002;39.4
21/08/2002;39.5
22/08/2002;39.7
23/08/2002;38.9
26/08/2002;38.75
27/08/2002;39.6
28/08/2002;38.5
29/08/2002;38.2
30/08/2002;38.4
02/09/2002;37.41
03/09/2002;36.1
04/09/2002;35.25
05/09/2002;35.1
06/09/2002;36.1
09/09/2002;36
10/09/2002;36.8
11/09/2002;37.7
12/09/2002;35.88
13/09/2002;35.1
16/09/2002;35.6
17/09/2002;35.25
18/09/2002;34
19/09/2002;33
20/09/2002;34.2
23/09/2002;33.95
24/09/2002;32
25/09/2002;32.29
26/09/2002;34.1
27/09/2002;34.5
30/09/2002;32.45
01/10/2002;33.3
02/10/2002;34.7
03/10/2002;33.68
04/10/2002;32.3
07/10/2002;32.5
08/10/2002;30.99
09/10/2002;29.3
10/10/2002;30.8
11/10/2002;33.4
14/10/2002;33.1
15/10/2002;34.85
16/10/2002;35.4
17/10/2002;37
18/10/2002;36.9
21/10/2002;37.3
22/10/2002;36.9
23/10/2002;36.2
24/10/2002;36.75
25/10/2002;36.4
28/10/2002;37.1
29/10/2002;35
30/10/2002;34.7
31/10/2002;36
01/11/2002;36.15
04/11/2002;37
05/11/2002;36.95
06/11/2002;34.38
07/11/2002;32.88
08/11/2002;32.3
11/11/2002;32.4
12/11/2002;33.35
13/11/2002;33.17
14/11/2002;33.8
15/11/2002;33.25
18/11/2002;33.3
19/11/2002;33.1
20/11/2002;32.5
21/11/2002;33.6
22/11/2002;33
25/11/2002;32.6
26/11/2002;32.35
27/11/2002;33.7
28/11/2002;34.2
29/11/2002;34.2
02/12/2002;34.35
03/12/2002;33.7
04/12/2002;34.7
05/12/2002;33.6
06/12/2002;33.2
09/12/2002;32.3
10/12/2002;33.2
11/12/2002;32.9
12/12/2002;31.6
13/12/2002;31.15
16/12/2002;31.2
17/12/2002;31
18/12/2002;29.95
19/12/2002;29.45
20/12/2002;29.4
23/12/2002;29.25
24/12/2002;29.25
25/12/2002;29.25
26/12/2002;29.25
27/12/2002;28
30/12/2002;28.95
31/12/2002;28.95
01/01/2003;28.95
02/01/2003;29.8
03/01/2003;30.1
06/01/2003;30.5
07/01/2003;30.1
08/01/2003;28.8
09/01/2003;28.6
10/01/2003;29
13/01/2003;29.95
14/01/2003;29.31
15/01/2003;28.42
16/01/2003;28.75
17/01/2003;28.12
20/01/2003;28.28
21/01/2003;28.4
22/01/2003;27.6
23/01/2003;27
24/01/2003;26.3
27/01/2003;26.4
28/01/2003;26.1
29/01/2003;27.45
30/01/2003;26.6
31/01/2003;27
03/02/2003;27.7
04/02/2003;27.1
05/02/2003;27.55
06/02/2003;26.9
07/02/2003;25.9
10/02/2003;25.6
11/02/2003;25.9
12/02/2003;25.6
13/02/2003;24.6
14/02/2003;25.6
17/02/2003;26.2
18/02/2003;25.8
19/02/2003;25.25
20/02/2003;24.7
21/02/2003;25.6
24/02/2003;25.25
25/02/2003;24.75
26/02/2003;23.89
27/02/2003;24.95
28/02/2003;25.95
03/03/2003;26.3
04/03/2003;24.49
05/03/2003;24.2
06/03/2003;23.25
07/03/2003;23.1
10/03/2003;22.31
11/03/2003;21.2
12/03/2003;21
13/03/2003;22.69
14/03/2003;23.41
17/03/2003;24
18/03/2003;24.7
19/03/2003;26.35
20/03/2003;26.7
21/03/2003;27.4
24/03/2003;25.95
25/03/2003;26.5
26/03/2003;26.95
27/03/2003;26.15
28/03/2003;26.25
31/03/2003;25.4
01/04/2003;25.8
02/04/2003;27.65
03/04/2003;27.7
04/04/2003;28.2
07/04/2003;30.1
08/04/2003;29.15
09/04/2003;28.9
10/04/2003;28.6
11/04/2003;29
14/04/2003;29.7
15/04/2003;30.16
16/04/2003;30.14
17/04/2003;30.15
18/04/2003;30.15
21/04/2003;30.15
22/04/2003;30.3
23/04/2003;30.9
24/04/2003;29.49
25/04/2003;29.2
28/04/2003;30.05
29/04/2003;30
30/04/2003;29.9
01/05/2003;29.9
02/05/2003;29.65
05/05/2003;29.15
06/05/2003;29.09
07/05/2003;28.1
08/05/2003;28.55
09/05/2003;29.59
12/05/2003;29.7
13/05/2003;29.35
14/05/2003;29.2
15/05/2003;29.09
16/05/2003;28.86
19/05/2003;27.05
20/05/2003;26.4
21/05/2003;26.55
22/05/2003;27.2
23/05/2003;27.09
26/05/2003;27.1
27/05/2003;27
28/05/2003;27.2
29/05/2003;27.9
30/05/2003;29
02/06/2003;29.35
03/06/2003;29.29
04/06/2003;29.7
05/06/2003;29.65
06/06/2003;31.01
09/06/2003;30.2
10/06/2003;30.75
11/06/2003;31.4
12/06/2003;31.5
13/06/2003;31.4
16/06/2003;32.05
17/06/2003;32.8
18/06/2003;33.2
19/06/2003;32.09
20/06/2003;32.6
23/06/2003;31.8
24/06/2003;32.5
25/06/2003;32.5
26/06/2003;33.45
27/06/2003;33.6
30/06/2003;33.45
01/07/2003;32.56
02/07/2003;33.65
03/07/2003;33.75
04/07/2003;34.56
07/07/2003;35.25
08/07/2003;35.2
09/07/2003;34.4
10/07/2003;33.65
11/07/2003;34.4
14/07/2003;34.7
15/07/2003;34.51
16/07/2003;34.3
17/07/2003;33.65
18/07/2003;33.8
21/07/2003;33.11
22/07/2003;33.35
23/07/2003;33.4
24/07/2003;33.7
25/07/2003;34
28/07/2003;33.9
29/07/2003;33.29
30/07/2003;33.66
31/07/2003;34.5
01/08/2003;34.25
04/08/2003;33.75
05/08/2003;33.94
06/08/2003;33.89
07/08/2003;33.45
08/08/2003;33.25
11/08/2003;33.3
12/08/2003;33.75
13/08/2003;34.4
14/08/2003;34.8
15/08/2003;34.7
18/08/2003;35.23
19/08/2003;36.1
20/08/2003;36.1
21/08/2003;37.3
22/08/2003;37.1
25/08/2003;36.9
26/08/2003;36.25
27/08/2003;36
28/08/2003;36.15
29/08/2003;36
01/09/2003;36.59
02/09/2003;37.17
03/09/2003;38.4
04/09/2003;38.2
05/09/2003;37.2
08/09/2003;37.19
09/09/2003;36.5
10/09/2003;35.45
11/09/2003;36.35
12/09/2003;34.17
15/09/2003;35.55
16/09/2003;35.75
17/09/2003;36
18/09/2003;36.38
19/09/2003;36.25
22/09/2003;34.65
23/09/2003;34.1
24/09/2003;32.25
25/09/2003;32.99
26/09/2003;33.25
29/09/2003;33.25
30/09/2003;32.45
01/10/2003;33.8
02/10/2003;32.9
03/10/2003;34.65
06/10/2003;34.4
07/10/2003;34.1
08/10/2003;34.28
09/10/2003;35.2
10/10/2003;34.7
13/10/2003;35.2
14/10/2003;34.95
15/10/2003;34.4
16/10/2003;35.65
17/10/2003;35.09
20/10/2003;34.7
21/10/2003;34.28
22/10/2003;34.05
23/10/2003;33.79
24/10/2003;33.33
27/10/2003;33.55
28/10/2003;33.89
29/10/2003;33.8
30/10/2003;34
31/10/2003;34.5
03/11/2003;35.6
04/11/2003;36.08
05/11/2003;35.3
06/11/2003;36.2
07/11/2003;37.3
10/11/2003;37.08
11/11/2003;37.3
12/11/2003;37.85
13/11/2003;37.4
14/11/2003;37.65
17/11/2003;36.35
18/11/2003;36
19/11/2003;36.3
20/11/2003;36.1
21/11/2003;36
24/11/2003;37
25/11/2003;37.55
26/11/2003;37.1
27/11/2003;37.55
28/11/2003;36.7
01/12/2003;37.17
02/12/2003;36.55
03/12/2003;36.5
04/12/2003;36.6
05/12/2003;36.4
08/12/2003;36
09/12/2003;35.75
10/12/2003;36
11/12/2003;36.95
12/12/2003;37.2
15/12/2003;37.1
16/12/2003;36.85
17/12/2003;36.24
18/12/2003;36.8
19/12/2003;37
22/12/2003;37
23/12/2003;36.95
24/12/2003;36.95
25/12/2003;36.95
26/12/2003;36.95
29/12/2003;37.05
30/12/2003;36.95
31/12/2003;36.95
01/01/2004;36.95
02/01/2004;37.3
05/01/2004;37.75
06/01/2004;36.25
07/01/2004;35.9
08/01/2004;35.45
09/01/2004;35.05
12/01/2004;34.9
13/01/2004;35.55
14/01/2004;36.2
15/01/2004;36.4
16/01/2004;36.94
19/01/2004;36.58
20/01/2004;36
21/01/2004;36.02
22/01/2004;35.65
23/01/2004;35.35
26/01/2004;35.45
27/01/2004;35.7
28/01/2004;35.9
29/01/2004;36.2
30/01/2004;35.6
02/02/2004;35.8
03/02/2004;34.8
04/02/2004;34.12
05/02/2004;33.75
06/02/2004;33.95
09/02/2004;33.8
10/02/2004;33.65
11/02/2004;34.15
12/02/2004;34.1
13/02/2004;33.75
16/02/2004;33.75
17/02/2004;33.9
18/02/2004;33.9
19/02/2004;34.25
20/02/2004;33.7
23/02/2004;33.75
24/02/2004;33.25
25/02/2004;33.38
26/02/2004;33.95
27/02/2004;34.6
01/03/2004;34.6
02/03/2004;35.62
03/03/2004;35.75
04/03/2004;35.8
05/03/2004;35.7
08/03/2004;35.95
09/03/2004;35.45
10/03/2004;34.6
11/03/2004;33.85
12/03/2004;34.17
15/03/2004;33.52
16/03/2004;33.45
17/03/2004;34.7
18/03/2004;34.2
19/03/2004;33.9
22/03/2004;33
23/03/2004;32.8
24/03/2004;32.95
25/03/2004;33.15
26/03/2004;33
29/03/2004;33.52
30/03/2004;33.6
31/03/2004;33.3
01/04/2004;33.9
02/04/2004;34.65
05/04/2004;34.95
06/04/2004;34.8
07/04/2004;34.05
08/04/2004;34.57
09/04/2004;34.57
12/04/2004;34.57
13/04/2004;35.1
14/04/2004;34.75
15/04/2004;35.05
16/04/2004;35.2
19/04/2004;35.38
20/04/2004;35.75
21/04/2004;36.1
22/04/2004;36.97
23/04/2004;37.3
26/04/2004;36.8
27/04/2004;36.95
28/04/2004;36.5
29/04/2004;35.8
30/04/2004;35.85
03/05/2004;36.55
04/05/2004;36.22
05/05/2004;36.35
06/05/2004;34.9
07/05/2004;35.04
10/05/2004;34.41
11/05/2004;34.51
12/05/2004;34.65
13/05/2004;34.72
14/05/2004;34.5
17/05/2004;33.95
18/05/2004;34.49
19/05/2004;35.15
20/05/2004;34.4
21/05/2004;34.2
24/05/2004;34.5
25/05/2004;34.4
26/05/2004;34.75
27/05/2004;34.85
28/05/2004;34.7
31/05/2004;34.95
01/06/2004;34.65
02/06/2004;34.8
03/06/2004;34.45
04/06/2004;34.6
07/06/2004;35.15
08/06/2004;35.05
09/06/2004;35.28
10/06/2004;35.6
11/06/2004;35.59
14/06/2004;34.95
15/06/2004;35.2
16/06/2004;35.25
17/06/2004;35.35
18/06/2004;35.25
21/06/2004;35.2
22/06/2004;34.8
23/06/2004;35.15
24/06/2004;35.7
25/06/2004;35.4
28/06/2004;36.3
29/06/2004;36.35
30/06/2004;36.35
01/07/2004;36.15
02/07/2004;35.7
05/07/2004;35.83
06/07/2004;35.3
07/07/2004;35.65
08/07/2004;35.9
09/07/2004;35.7
12/07/2004;35.45
13/07/2004;35.9
14/07/2004;35.6
15/07/2004;35.65
16/07/2004;35.45
19/07/2004;35.25
20/07/2004;35.3
21/07/2004;35.6
22/07/2004;35.35
23/07/2004;35.55
26/07/2004;35.15
27/07/2004;35.8
28/07/2004;36.65
29/07/2004;37.2
30/07/2004;36.9
02/08/2004;36.9
03/08/2004;36.9
04/08/2004;35.65
05/08/2004;35.01
06/08/2004;33.9
09/08/2004;33.6
10/08/2004;33.92
11/08/2004;33.6
12/08/2004;33.2
13/08/2004;33.15
16/08/2004;33.7
17/08/2004;33.7
18/08/2004;33.61
19/08/2004;33.5
20/08/2004;33.4
23/08/2004;33.9
24/08/2004;34.35
25/08/2004;34.4
26/08/2004;34.55
27/08/2004;34.64
30/08/2004;34.3
31/08/2004;34
01/09/2004;34.25
02/09/2004;34.53
03/09/2004;34.6
06/09/2004;34.75
07/09/2004;35
08/09/2004;34.88
09/09/2004;34.55
10/09/2004;34.5
13/09/2004;35.35
14/09/2004;35.37
15/09/2004;34.75
16/09/2004;35.14
17/09/2004;35.2
20/09/2004;35.15
21/09/2004;34.85
22/09/2004;34.16
23/09/2004;33.55
24/09/2004;33.9
27/09/2004;33.7
28/09/2004;33.54
29/09/2004;33.8
30/09/2004;33.15
01/10/2004;34.3
04/10/2004;34.75
05/10/2004;34.78
06/10/2004;34.75
07/10/2004;35
08/10/2004;34.35
11/10/2004;34.35
12/10/2004;33.55
13/10/2004;33.46
14/10/2004;33.65
15/10/2004;34.05
18/10/2004;33.9
19/10/2004;33.96
20/10/2004;33.7
21/10/2004;33.35
22/10/2004;33.15
25/10/2004;32.5
26/10/2004;32.99
27/10/2004;33.35
28/10/2004;33.7
29/10/2004;33.24
01/11/2004;33.6
02/11/2004;33.93
03/11/2004;33.05
04/11/2004;32.82
05/11/2004;32.45
08/11/2004;32.7
09/11/2004;32.7
10/11/2004;32.92
11/11/2004;33.35
12/11/2004;33.05
15/11/2004;32.9
16/11/2004;32.5
17/11/2004;32.55
18/11/2004;32.35
19/11/2004;32.45
22/11/2004;32.25
23/11/2004;32
24/11/2004;31.89
25/11/2004;31.98
26/11/2004;31.85
29/11/2004;32.17
30/11/2004;31.9
01/12/2004;32.1
02/12/2004;32.35
03/12/2004;32.02
06/12/2004;32.08
07/12/2004;31.96
08/12/2004;33
09/12/2004;32.8
10/12/2004;32.7
13/12/2004;32.83
14/12/2004;32.97
15/12/2004;32.83
16/12/2004;32.82
17/12/2004;32.38
20/12/2004;32.65
21/12/2004;32.9
22/12/2004;33.32
23/12/2004;33.27
24/12/2004;33.27
27/12/2004;33.26
28/12/2004;33.26
29/12/2004;33.2
30/12/2004;33.15
31/12/2004;33.15
03/01/2005;33.75
04/01/2005;34.39
05/01/2005;34.65
06/01/2005;34.7
07/01/2005;34.57
10/01/2005;34.48
11/01/2005;33.9
12/01/2005;33.85
13/01/2005;33.55
14/01/2005;33.8
17/01/2005;33.67
18/01/2005;33.5
19/01/2005;33
20/01/2005;32.68
21/01/2005;32.45
24/01/2005;32.55
25/01/2005;32.98
26/01/2005;32.25
27/01/2005;32.2
28/01/2005;32.04
31/01/2005;32.33
01/02/2005;32.83
02/02/2005;32.57
03/02/2005;32.68
04/02/2005;32.84
07/02/2005;33.21
08/02/2005;33.2
09/02/2005;33
10/02/2005;33.3
11/02/2005;33.2
14/02/2005;32.97
15/02/2005;32.96
16/02/2005;32.62
17/02/2005;32.8
18/02/2005;32.63
21/02/2005;32.72
22/02/2005;32.25
23/02/2005;32.17
24/02/2005;32.09
25/02/2005;32.4
28/02/2005;32.28
01/03/2005;32.5
02/03/2005;32.92
03/03/2005;33.15
04/03/2005;33.05
07/03/2005;33.05
08/03/2005;33.32
09/03/2005;32.92
10/03/2005;34.15
11/03/2005;34.65
14/03/2005;34.58
15/03/2005;34.53
16/03/2005;34.25
17/03/2005;34.02
18/03/2005;34.35
21/03/2005;34.8
22/03/2005;35.33
23/03/2005;35.5
24/03/2005;35.45
25/03/2005;35.45
28/03/2005;35.45
29/03/2005;35.3
30/03/2005;35.35
31/03/2005;34.99
01/04/2005;35.1
04/04/2005;34.96
05/04/2005;35.22
06/04/2005;35.1
07/04/2005;35.15
08/04/2005;34.8
11/04/2005;34.88
12/04/2005;34.7
13/04/2005;34.68
14/04/2005;34.67
15/04/2005;33.8
18/04/2005;33.2
19/04/2005;33.35
20/04/2005;33.2
21/04/2005;33.18
22/04/2005;33.1
25/04/2005;33.21
26/04/2005;32.95
27/04/2005;32.65
28/04/2005;32.3
29/04/2005;32.72
02/05/2005;33.05
03/05/2005;33.1
04/05/2005;33.38
05/05/2005;33.3
06/05/2005;33.6
09/05/2005;33.6
10/05/2005;33.48
11/05/2005;33.55
12/05/2005;34.1
13/05/2005;33.78
16/05/2005;33.8
17/05/2005;33.85
18/05/2005;34.4
19/05/2005;34.4
20/05/2005;34.68
23/05/2005;34.8
24/05/2005;34.7
25/05/2005;34.52
26/05/2005;34.8
27/05/2005;34.93
30/05/2005;35.1
31/05/2005;35.2
01/06/2005;35.99
02/06/2005;36.53
03/06/2005;36.1
06/06/2005;36.35
07/06/2005;36.9
08/06/2005;36.87
09/06/2005;36.75
10/06/2005;36.95
13/06/2005;37.25
14/06/2005;37.2
15/06/2005;36.4
16/06/2005;36.62
17/06/2005;36.62
20/06/2005;36.33
21/06/2005;36.95
22/06/2005;37.4
23/06/2005;37.45
24/06/2005;36.7
27/06/2005;36.51
28/06/2005;37.2
29/06/2005;37.45
30/06/2005;37.85
01/07/2005;38.03
04/07/2005;38.84
05/07/2005;38.54
06/07/2005;38.56
07/07/2005;38.05
08/07/2005;38.52
11/07/2005;38.91
12/07/2005;38.45
13/07/2005;38.9
14/07/2005;39.15
15/07/2005;39.06
18/07/2005;39.06
19/07/2005;39.3
20/07/2005;39.56
21/07/2005;39.35
22/07/2005;38.9
25/07/2005;39.25
26/07/2005;38.72
27/07/2005;38.59
28/07/2005;38.85
29/07/2005;38.71
01/08/2005;39.04
02/08/2005;39.76
03/08/2005;38.07
04/08/2005;36.9
05/08/2005;36.8
08/08/2005;37.2
09/08/2005;37.58
10/08/2005;37.25
11/08/2005;36.9
12/08/2005;36.63
15/08/2005;36.5
16/08/2005;36.23
17/08/2005;36.64
18/08/2005;36.85
19/08/2005;37.14
22/08/2005;37.29
23/08/2005;37.02
24/08/2005;37.1
25/08/2005;36.6
26/08/2005;35.8
29/08/2005;36.13
30/08/2005;35.95
31/08/2005;36.4
01/09/2005;36.39
02/09/2005;36.4
05/09/2005;36.9
06/09/2005;37.19
07/09/2005;37.54
08/09/2005;37.24
09/09/2005;37.5
12/09/2005;37.2
13/09/2005;36.5
14/09/2005;36.56
15/09/2005;36.59
16/09/2005;37.1
19/09/2005;36.98
20/09/2005;37.85
21/09/2005;37.4
22/09/2005;37.45
23/09/2005;37.5
26/09/2005;38.4
27/09/2005;38.4
28/09/2005;38.8
29/09/2005;39.02
30/09/2005;38.99
03/10/2005;39.22
04/10/2005;39.91
05/10/2005;39.44
06/10/2005;38.65
07/10/2005;38.87
10/10/2005;38.45
11/10/2005;38.45
12/10/2005;38.22
13/10/2005;38.31
14/10/2005;38.29
17/10/2005;38.07
18/10/2005;37.86
19/10/2005;37.53
20/10/2005;36.79
21/10/2005;36.78
24/10/2005;37.24
25/10/2005;36.82
26/10/2005;37.03
27/10/2005;36.54
28/10/2005;36.7
31/10/2005;36.29
01/11/2005;36.29
02/11/2005;36.53
03/11/2005;35.82
04/11/2005;35.28
07/11/2005;36.27
08/11/2005;36.67
09/11/2005;36.49
10/11/2005;36.1
11/11/2005;36.83
14/11/2005;36.97
15/11/2005;37.06
16/11/2005;37.02
17/11/2005;37.37
18/11/2005;37.72
21/11/2005;37.95
22/11/2005;37.43
23/11/2005;37.3
24/11/2005;37.32
25/11/2005;37.32
28/11/2005;37.2
29/11/2005;37.27
30/11/2005;37.34
01/12/2005;37.56
02/12/2005;37.84
05/12/2005;37.94
06/12/2005;38.01
07/12/2005;37.47
08/12/2005;37.42
09/12/2005;37.65
12/12/2005;37.56
13/12/2005;37.48
14/12/2005;37.31
15/12/2005;36.95
16/12/2005;37.06
19/12/2005;36.86
20/12/2005;37
21/12/2005;36.68
22/12/2005;36.71
23/12/2005;36.8
26/12/2005;36.8
27/12/2005;36.85
28/12/2005;37.16
29/12/2005;37.35
30/12/2005;37
02/01/2006;37.46
03/01/2006;37.2
04/01/2006;37.48
05/01/2006;37.32
06/01/2006;37.86
09/01/2006;37.75
10/01/2006;37.65
11/01/2006;37.4
12/01/2006;37.32
13/01/2006;37.07
16/01/2006;37.03
17/01/2006;36.52
18/01/2006;36.16
19/01/2006;36.13
20/01/2006;35.68
23/01/2006;35.86
24/01/2006;35.88
25/01/2006;36.59
26/01/2006;36.87
27/01/2006;36.98
30/01/2006;37
31/01/2006;37.24
01/02/2006;37.45
02/02/2006;37.72
03/02/2006;38.37
06/02/2006;38.57
07/02/2006;38.63
08/02/2006;38.78
09/02/2006;39.19
10/02/2006;39.63
13/02/2006;40.38
14/02/2006;40.19
15/02/2006;39.58
16/02/2006;39.47
17/02/2006;39.67
20/02/2006;39.65
21/02/2006;39.15
22/02/2006;39.62
23/02/2006;39.61
24/02/2006;39.77
27/02/2006;39.98
28/02/2006;40.3
01/03/2006;40.57
02/03/2006;39.56
03/03/2006;39.38
06/03/2006;39.24
07/03/2006;39.29
08/03/2006;39.19
09/03/2006;39.99
10/03/2006;40.65
13/03/2006;40.55
14/03/2006;41.95
15/03/2006;42.9
16/03/2006;42.92
17/03/2006;42.48
20/03/2006;42.7
21/03/2006;42.89
22/03/2006;45.1
23/03/2006;45.35
24/03/2006;45.92
27/03/2006;44.87
28/03/2006;44.85
29/03/2006;45.27
30/03/2006;45.31
31/03/2006;45.5
03/04/2006;45.97
04/04/2006;45.71
05/04/2006;45.69
06/04/2006;45.25
07/04/2006;44.12
10/04/2006;44.47
11/04/2006;44.63
12/04/2006;44.4
13/04/2006;44.36
14/04/2006;44.36
17/04/2006;44.36
18/04/2006;44.22
19/04/2006;44.62
20/04/2006;45.4
21/04/2006;45
24/04/2006;44.49
25/04/2006;44.25
26/04/2006;44.89
27/04/2006;44.14
28/04/2006;43.15
01/05/2006;43.15
02/05/2006;43.41
03/05/2006;42.23
04/05/2006;42.61
05/05/2006;42.83
08/05/2006;42.59
09/05/2006;43.05
10/05/2006;43.33
11/05/2006;42.6
12/05/2006;41.25
15/05/2006;40.85
16/05/2006;41.11
17/05/2006;39.37
18/05/2006;39.83
19/05/2006;39.99
22/05/2006;38.95
23/05/2006;39.59
24/05/2006;38.9
25/05/2006;39.84
26/05/2006;41.15
29/05/2006;41
30/05/2006;40
31/05/2006;40.18
01/06/2006;39.77
02/06/2006;39.46
05/06/2006;39.03
06/06/2006;37.93
07/06/2006;37.72
08/06/2006;37.66
09/06/2006;38.08
12/06/2006;38.15
13/06/2006;37
14/06/2006;36.55
15/06/2006;37.73
16/06/2006;37.9
19/06/2006;38.19
20/06/2006;38.45
21/06/2006;38.29
22/06/2006;38.14
23/06/2006;38.18
26/06/2006;37.97
27/06/2006;37.43
28/06/2006;37.62
29/06/2006;38.46
30/06/2006;39.04
03/07/2006;39.12
04/07/2006;39.2
05/07/2006;38.5
06/07/2006;39.21
07/07/2006;38.68
10/07/2006;39.06
11/07/2006;38.65
12/07/2006;38.94
13/07/2006;38.85
14/07/2006;38.35
17/07/2006;38.01
18/07/2006;37.63
19/07/2006;38.6
20/07/2006;38.44
21/07/2006;37.66
24/07/2006;38.6
25/07/2006;38.91
26/07/2006;38.7
27/07/2006;39.65
28/07/2006;40.27
31/07/2006;40.44
01/08/2006;39.74
02/08/2006;40.02
03/08/2006;39.56
04/08/2006;39.29
07/08/2006;38.8
08/08/2006;38.84
09/08/2006;39.2
10/08/2006;38.93
11/08/2006;39.05
14/08/2006;39.22
15/08/2006;39.2
16/08/2006;39.62
17/08/2006;39.94
18/08/2006;40.13
21/08/2006;39.85
22/08/2006;40.16
23/08/2006;40.16
24/08/2006;40.43
25/08/2006;40.48
28/08/2006;40.31
29/08/2006;40.36
30/08/2006;40.44
31/08/2006;40.37
01/09/2006;40.48
04/09/2006;40.52
05/09/2006;40.36
06/09/2006;39.6
07/09/2006;39.17
08/09/2006;39.06
11/09/2006;39.14
12/09/2006;39.66
13/09/2006;40.14
14/09/2006;40.3
15/09/2006;39.88
18/09/2006;39.91
19/09/2006;39.78
20/09/2006;40.51
21/09/2006;40.92
22/09/2006;40.44
25/09/2006;41.03
26/09/2006;41.35
27/09/2006;41.55
28/09/2006;41.69
29/09/2006;42.27
02/10/2006;41.6
03/10/2006;41.9
04/10/2006;42.08
05/10/2006;42
06/10/2006;42.18
09/10/2006;41.99
10/10/2006;42.25
11/10/2006;42.07
12/10/2006;42.12
13/10/2006;43.12
16/10/2006;43.8
17/10/2006;43.35
18/10/2006;43.8
19/10/2006;44.9
20/10/2006;44.7
23/10/2006;44.5
24/10/2006;44.69
25/10/2006;45.34
26/10/2006;45.15
27/10/2006;45.18
30/10/2006;44.53
31/10/2006;44.99
01/11/2006;45.1
02/11/2006;44.59
03/11/2006;44.35
06/11/2006;44.76
07/11/2006;44.53
08/11/2006;43.76
09/11/2006;43.84
10/11/2006;43.8
13/11/2006;44.17
14/11/2006;44.05
15/11/2006;44.79
16/11/2006;45.27
17/11/2006;44.41
20/11/2006;44.35
21/11/2006;44.2
22/11/2006;44.08
23/11/2006;43.92
24/11/2006;42.8
27/11/2006;41.7
28/11/2006;41.73
29/11/2006;42.11
30/11/2006;41.59
01/12/2006;41.23
04/12/2006;41.27
05/12/2006;42.03
06/12/2006;41.89
07/12/2006;42.06
08/12/2006;41.78
11/12/2006;42.51
12/12/2006;42.53
13/12/2006;42.9
14/12/2006;43.25
15/12/2006;43.24
18/12/2006;43.31
19/12/2006;43.11
20/12/2006;43.55
21/12/2006;43.25
22/12/2006;42.54
25/12/2006;42.54
26/12/2006;42.54
27/12/2006;43.53
28/12/2006;43.58
29/12/2006;43.6
01/01/2007;43.6
02/01/2007;43.74
03/01/2007;43.98
04/01/2007;43.63
05/01/2007;43.62
08/01/2007;43.12
09/01/2007;42.93
10/01/2007;42.95
11/01/2007;43.6
12/01/2007;43.67
15/01/2007;44.1
16/01/2007;43.84
17/01/2007;44.52
18/01/2007;45.43
19/01/2007;45.36
22/01/2007;45.3
23/01/2007;45.55
24/01/2007;46.73
25/01/2007;45.84
26/01/2007;46.45
29/01/2007;47.41
30/01/2007;46.95
31/01/2007;46.75
01/02/2007;46.96
02/02/2007;47.18
05/02/2007;46.84
06/02/2007;46.57
07/02/2007;45.53
08/02/2007;44.77
09/02/2007;45.45
12/02/2007;44.87
13/02/2007;45.71
14/02/2007;46.06
15/02/2007;46
16/02/2007;46.02
19/02/2007;46.05
20/02/2007;45.5
21/02/2007;45.2
22/02/2007;44.73
23/02/2007;44.77
26/02/2007;44.85
27/02/2007;43.25
28/02/2007;43.7
01/03/2007;43.01
02/03/2007;42.65
05/03/2007;41.68
06/03/2007;42.35
07/03/2007;42.58
08/03/2007;42.61
09/03/2007;42.29
12/03/2007;42.5
13/03/2007;41.51
14/03/2007;40.95
15/03/2007;41.15
16/03/2007;41.04
19/03/2007;41.18
20/03/2007;41.21
21/03/2007;43.61
22/03/2007;43.21
23/03/2007;43.83
26/03/2007;43.78
27/03/2007;43.67
28/03/2007;43.06
29/03/2007;43.65
30/03/2007;44.23
02/04/2007;44.19
03/04/2007;44.43
04/04/2007;45.48
05/04/2007;45.13
06/04/2007;45.13
09/04/2007;45.13
10/04/2007;45.17
11/04/2007;44.84
12/04/2007;44.88
13/04/2007;44.91
16/04/2007;44.45
17/04/2007;43.88
18/04/2007;43.37
19/04/2007;43.5
20/04/2007;43.58
23/04/2007;44.69
24/04/2007;44.67
25/04/2007;45.21
26/04/2007;45.88
27/04/2007;45.44
30/04/2007;45.46
01/05/2007;45.46
02/05/2007;45.97
03/05/2007;46.38
04/05/2007;47.9
07/05/2007;47.78
08/05/2007;47.3
09/05/2007;47.39
10/05/2007;48.54
11/05/2007;50.44
14/05/2007;49.97
15/05/2007;50.63
16/05/2007;49.72
17/05/2007;49.25
18/05/2007;49.53
21/05/2007;49.34
22/05/2007;49.37
23/05/2007;50.01
24/05/2007;49.33
25/05/2007;49.56
28/05/2007;49.56
29/05/2007;50.52
30/05/2007;49.98
31/05/2007;49.63
01/06/2007;50.52
04/06/2007;49.87
05/06/2007;48.71
06/06/2007;47.45
07/06/2007;47.1
08/06/2007;47.03
11/06/2007;47.52
12/06/2007;47.33
13/06/2007;47.39
14/06/2007;49.22
15/06/2007;49.36
18/06/2007;49.51
19/06/2007;49.16
20/06/2007;49.13
21/06/2007;48.5
22/06/2007;47.79
25/06/2007;48.19
26/06/2007;47.89
27/06/2007;47.24
28/06/2007;47.78
29/06/2007;47.66
02/07/2007;47.75
03/07/2007;48.42
04/07/2007;49.05
05/07/2007;47.93
06/07/2007;49.43
09/07/2007;49.45
10/07/2007;48.28
11/07/2007;47.8
12/07/2007;48.85
13/07/2007;48.6
16/07/2007;49.63
17/07/2007;49.04
18/07/2007;47.68
19/07/2007;47.88
20/07/2007;47.44
23/07/2007;47.97
24/07/2007;47.22
25/07/2007;46.25
26/07/2007;44.64
27/07/2007;45.06
30/07/2007;44.96
31/07/2007;45.94
01/08/2007;43.8
02/08/2007;43.65
03/08/2007;42.91
06/08/2007;43.23
07/08/2007;43.97
08/08/2007;44.26
09/08/2007;43.82
10/08/2007;44.54
13/08/2007;44.35
14/08/2007;44.21
15/08/2007;44.54
16/08/2007;43.43
17/08/2007;44.03
20/08/2007;43.83
21/08/2007;43.88
22/08/2007;44.04
23/08/2007;43.68
24/08/2007;44.19
27/08/2007;44.01
28/08/2007;43.37
29/08/2007;43.45
30/08/2007;43.79
31/08/2007;44.88
03/09/2007;45.06
04/09/2007;45.62
05/09/2007;44.95
06/09/2007;45.18
07/09/2007;43.62
10/09/2007;42.89
11/09/2007;43.67
12/09/2007;43
13/09/2007;43.02
14/09/2007;42.91
17/09/2007;42.19
18/09/2007;42.43
19/09/2007;42.9
20/09/2007;42.19
21/09/2007;43.57
24/09/2007;45
25/09/2007;45.18
26/09/2007;47.09
27/09/2007;46.35
28/09/2007;45.35
01/10/2007;45.68
02/10/2007;46.25
03/10/2007;45.78
04/10/2007;46.57
05/10/2007;47.38
08/10/2007;47.41
09/10/2007;47.3
10/10/2007;47.2
11/10/2007;47.65
12/10/2007;47.2
15/10/2007;46.85
16/10/2007;46.44
17/10/2007;46.26
18/10/2007;46.18
19/10/2007;45.81
22/10/2007;45.53
23/10/2007;45.25
24/10/2007;45.02
25/10/2007;45.46
26/10/2007;45.66
29/10/2007;46.35
30/10/2007;45.86
31/10/2007;46.11
01/11/2007;45.04
02/11/2007;44.32
05/11/2007;44.76
06/11/2007;43.4
07/11/2007;41.57
08/11/2007;41.77
09/11/2007;41.37
12/11/2007;41.41
13/11/2007;42.28
14/11/2007;42.71
15/11/2007;42.22
16/11/2007;41.99
19/11/2007;40.65
20/11/2007;40.97
21/11/2007;39.95
22/11/2007;40.19
23/11/2007;40.64
26/11/2007;39.9
27/11/2007;40.01
28/11/2007;40.87
29/11/2007;40.86
30/11/2007;41.59
03/12/2007;41.79
04/12/2007;40.94
05/12/2007;41.33
06/12/2007;41.26
07/12/2007;41.19
10/12/2007;41.83
11/12/2007;42
12/12/2007;41.66
13/12/2007;40.97
14/12/2007;41.26
17/12/2007;40.43
18/12/2007;40.89
19/12/2007;40.37
20/12/2007;40.45
21/12/2007;42.9
24/12/2007;42.9
25/12/2007;42.9
26/12/2007;42.9
27/12/2007;42.2
28/12/2007;42.73
31/12/2007;42.73
01/01/2008;42.73
02/01/2008;42.8
03/01/2008;42.13
04/01/2008;40.9
07/01/2008;42.27
08/01/2008;42.16
09/01/2008;41.94
10/01/2008;42.3
11/01/2008;41.6
14/01/2008;41.48
15/01/2008;40
16/01/2008;39.94
17/01/2008;38.78
18/01/2008;37.8
21/01/2008;36.28
22/01/2008;36.29
23/01/2008;34.56
24/01/2008;36.69
25/01/2008;36.89
28/01/2008;37.68
29/01/2008;37.42
30/01/2008;37.52
31/01/2008;37.03
01/02/2008;37.62
04/02/2008;38.39
05/02/2008;36.39
06/02/2008;35.08
07/02/2008;34.55
08/02/2008;34.38
11/02/2008;34.26
12/02/2008;35.71
13/02/2008;35.86
14/02/2008;35.43
15/02/2008;35.5
18/02/2008;35.84
19/02/2008;36.66
20/02/2008;36.46
21/02/2008;36.16
22/02/2008;35.38
25/02/2008;36.32
26/02/2008;37.44
27/02/2008;37.18
28/02/2008;37.12
29/02/2008;36.37
03/03/2008;36.64
04/03/2008;35.31
05/03/2008;35.17
06/03/2008;35.04
07/03/2008;34.74
10/03/2008;34.34
11/03/2008;33.87
12/03/2008;33.96
13/03/2008;33.02
14/03/2008;32.14
17/03/2008;31.41
18/03/2008;32.82
19/03/2008;33.78
20/03/2008;34.3
21/03/2008;34.3
24/03/2008;34.3
25/03/2008;35.56
26/03/2008;34.92
27/03/2008;34.78
28/03/2008;34.59
31/03/2008;35.04
01/04/2008;35.99
02/04/2008;36.49
03/04/2008;36.06
04/04/2008;35.74
07/04/2008;36.16
08/04/2008;35.8
09/04/2008;35.87
10/04/2008;36.04
11/04/2008;34.91
14/04/2008;33.93
15/04/2008;33.84
16/04/2008;33.52
17/04/2008;33.87
18/04/2008;35.04
21/04/2008;34.31
22/04/2008;33.68
23/04/2008;33.64
24/04/2008;33.6
25/04/2008;35.12
28/04/2008;35.32
29/04/2008;35.01
30/04/2008;35.18
01/05/2008;35.18
02/05/2008;36.69
05/05/2008;36.76
06/05/2008;37.22
07/05/2008;37.78
08/05/2008;37.8
09/05/2008;36.26
12/05/2008;36.24
13/05/2008;36.6
14/05/2008;36.66
15/05/2008;36.76
16/05/2008;36.94
19/05/2008;37.23
20/05/2008;36.33
21/05/2008;35.28
22/05/2008;35.87
23/05/2008;35.4
26/05/2008;35.02
27/05/2008;35.83
28/05/2008;36.47
29/05/2008;37.19
30/05/2008;37.91
02/06/2008;36.41
03/06/2008;36.89
04/06/2008;36.89
05/06/2008;36.24
06/06/2008;34.75
09/06/2008;34.26
10/06/2008;34.6
11/06/2008;33.49
12/06/2008;33.35
13/06/2008;33.52
16/06/2008;33.32
17/06/2008;33.87
18/06/2008;33.04
19/06/2008;33
20/06/2008;32.51
23/06/2008;32.32
24/06/2008;31.42
25/06/2008;32
26/06/2008;30.44
27/06/2008;30.17
30/06/2008;30.55
01/07/2008;30
02/07/2008;29.8
03/07/2008;29.81
04/07/2008;29.68
07/07/2008;29.66
08/07/2008;30.49
09/07/2008;29.92
10/07/2008;29.91
11/07/2008;28.97
14/07/2008;28.16
15/07/2008;27.98
16/07/2008;28.6
17/07/2008;29.49
18/07/2008;30.1
21/07/2008;30.57
22/07/2008;30.61
23/07/2008;31.83
24/07/2008;30.87
25/07/2008;30.73
28/07/2008;29.58
29/07/2008;29.51
30/07/2008;29.24
31/07/2008;28.93
01/08/2008;27.36
04/08/2008;26.895
05/08/2008;27.55
06/08/2008;27.87
07/08/2008;27.68
08/08/2008;29.55
11/08/2008;30.84
12/08/2008;31.15
13/08/2008;29.305
14/08/2008;28.985
15/08/2008;29.5
18/08/2008;29.2
19/08/2008;28.52
20/08/2008;28.61
21/08/2008;27.86
22/08/2008;28.73
25/08/2008;28.16
26/08/2008;27.99
27/08/2008;27.81
28/08/2008;28.44
29/08/2008;28.25
01/09/2008;28.35
02/09/2008;29.13
03/09/2008;29.05
04/09/2008;28.29
05/09/2008;27.8
08/09/2008;28.61
09/09/2008;28.89
10/09/2008;28.78
11/09/2008;28.545
12/09/2008;28.635
15/09/2008;28.03
16/09/2008;27.91
17/09/2008;27.13
18/09/2008;27.33
19/09/2008;30.475
22/09/2008;29.785
23/09/2008;28.71
24/09/2008;28.55
25/09/2008;29.15
26/09/2008;28.4
29/09/2008;27.4
30/09/2008;27.42
01/10/2008;26.365
02/10/2008;25.225
03/10/2008;25.59
06/10/2008;24.71
07/10/2008;24.34
08/10/2008;22.72
09/10/2008;22
10/10/2008;19.655
13/10/2008;22.5
14/10/2008;22.54
15/10/2008;20.37
16/10/2008;19.96
17/10/2008;20.9
20/10/2008;20.605
21/10/2008;21.1
22/10/2008;20
23/10/2008;19
24/10/2008;18.46
27/10/2008;17.785
28/10/2008;17.4
29/10/2008;18.69
30/10/2008;20.275
31/10/2008;20.14
03/11/2008;20.515
04/11/2008;22.905
05/11/2008;22.55
06/11/2008;21
07/11/2008;21.47
10/11/2008;22.485
11/11/2008;21.215
12/11/2008;20.75
13/11/2008;21.76
14/11/2008;21.3
17/11/2008;22.1
18/11/2008;21.67
19/11/2008;19.12
20/11/2008;18.85
21/11/2008;18.12
24/11/2008;19.66
25/11/2008;19.15
26/11/2008;19.44
27/11/2008;20.26
28/11/2008;19.68
01/12/2008;19.01
02/12/2008;19.64
03/12/2008;19.655
04/12/2008;20.425
05/12/2008;19.875
08/12/2008;21.01
09/12/2008;21.835
10/12/2008;22.71
11/12/2008;22.41
12/12/2008;22
15/12/2008;22.12
16/12/2008;22.05
17/12/2008;22.21
18/12/2008;21.98
19/12/2008;21.725
22/12/2008;21.28
23/12/2008;21.29
24/12/2008;21.29
25/12/2008;21.29
26/12/2008;21.29
29/12/2008;21.6
30/12/2008;21.97
31/12/2008;21.97
01/01/2009;21.97
02/01/2009;22.345
05/01/2009;21.965
06/01/2009;21.83
07/01/2009;21.995
08/01/2009;21.88
09/01/2009;22.485
12/01/2009;22.2
13/01/2009;21.155
14/01/2009;20
15/01/2009;19.665
16/01/2009;19.665
19/01/2009;19.09
20/01/2009;18.555
21/01/2009;18.95
22/01/2009;18.31
23/01/2009;17.7
26/01/2009;18.36
27/01/2009;18.61
28/01/2009;19.04
29/01/2009;18.32
30/01/2009;18.645
02/02/2009;17.84
03/02/2009;18.075
04/02/2009;19.13
05/02/2009;19.475
06/02/2009;21.8
09/02/2009;22.88
10/02/2009;22.125
11/02/2009;22.495
12/02/2009;22.725
13/02/2009;23.61
16/02/2009;23.345
17/02/2009;21.705
18/02/2009;21.64
19/02/2009;21.975
20/02/2009;21.375
23/02/2009;20.205
24/02/2009;19.35
25/02/2009;20.03
26/02/2009;20.345
27/02/2009;19.765
02/03/2009;19.065
03/03/2009;19.31
04/03/2009;20.85
05/03/2009;19.36
06/03/2009;19.795
09/03/2009;20.115
10/03/2009;21.26
11/03/2009;22.75
12/03/2009;23.6
13/03/2009;22.8
16/03/2009;22.405
17/03/2009;22.85
18/03/2009;22.63
19/03/2009;21.83
20/03/2009;21.855
23/03/2009;22.425
24/03/2009;22.355
25/03/2009;22.11
26/03/2009;22.54
27/03/2009;23.29
30/03/2009;21.62
31/03/2009;21.7
01/04/2009;22.77
02/04/2009;26.015
03/04/2009;27.115
06/04/2009;25.055
07/04/2009;23.855
08/04/2009;25.375
09/04/2009;25.97
10/04/2009;25.97
13/04/2009;25.97
14/04/2009;25.665
15/04/2009;25.71
16/04/2009;26.055
17/04/2009;27.14
20/04/2009;25.89
21/04/2009;25.83
22/04/2009;26.135
23/04/2009;26.24
24/04/2009;27.275
27/04/2009;27.15
28/04/2009;26.05
29/04/2009;26.745
30/04/2009;26.17
01/05/2009;26.17
04/05/2009;26.89
05/05/2009;27.36
06/05/2009;28.36
07/05/2009;27.91
08/05/2009;27
11/05/2009;25.565
12/05/2009;25
13/05/2009;23.86
14/05/2009;24.765
15/05/2009;24.655
18/05/2009;25.2
19/05/2009;26.16
20/05/2009;26.035
21/05/2009;25.37
22/05/2009;25.045
25/05/2009;24.93
26/05/2009;25.385
27/05/2009;26.115
28/05/2009;25.385
29/05/2009;25.35
01/06/2009;27
02/06/2009;27.43
03/06/2009;27.05
04/06/2009;27.11
05/06/2009;27.97
08/06/2009;28.07
09/06/2009;28.04
10/06/2009;28.915
11/06/2009;29.38
12/06/2009;29.18
15/06/2009;27.81
16/06/2009;27.57
17/06/2009;27.125
18/06/2009;27.325
19/06/2009;26.795
22/06/2009;25.67
23/06/2009;26.095
24/06/2009;26.555
25/06/2009;26.565
26/06/2009;26.77
29/06/2009;27.14
30/06/2009;26.83
01/07/2009;27.67
02/07/2009;26.54
03/07/2009;26.52
06/07/2009;25.78
07/07/2009;25.525
08/07/2009;25.035
09/07/2009;25.615
10/07/2009;25.865
13/07/2009;26.64
14/07/2009;28.04
15/07/2009;28.55
16/07/2009;28.5
17/07/2009;29.44
20/07/2009;28.95
21/07/2009;29.97
22/07/2009;29.99
23/07/2009;30.52
24/07/2009;30.9
27/07/2009;30.45
28/07/2009;30.5
29/07/2009;31.575
30/07/2009;32.005
31/07/2009;32.245
03/08/2009;32.915
04/08/2009;32.45
05/08/2009;31.52
06/08/2009;31.415
07/08/2009;31.48
10/08/2009;31.625
11/08/2009;31
12/08/2009;31.415
13/08/2009;32.41
14/08/2009;31.975
17/08/2009;31.34
18/08/2009;31.245
19/08/2009;31.45
20/08/2009;32.04
21/08/2009;32.475
24/08/2009;32.15
25/08/2009;32.45
26/08/2009;32.4
27/08/2009;31.76
28/08/2009;31.87
31/08/2009;31.81
01/09/2009;31
02/09/2009;30.42
03/09/2009;30.245
04/09/2009;31.9
07/09/2009;32.305
08/09/2009;32.35
09/09/2009;34.44
10/09/2009;34.35
11/09/2009;34.31
14/09/2009;35.11
15/09/2009;34.825
16/09/2009;35.09
17/09/2009;34.16
18/09/2009;33.82
21/09/2009;34.3
22/09/2009;34.78
23/09/2009;34.055
24/09/2009;33.735
25/09/2009;33.45
28/09/2009;34.165
29/09/2009;33.755
30/09/2009;32.91
01/10/2009;32.355
02/10/2009;31.78
05/10/2009;31.975
06/10/2009;32.415
07/10/2009;32.145
08/10/2009;33.015
09/10/2009;32.875
12/10/2009;33.5
13/10/2009;33.33
14/10/2009;33.985
15/10/2009;33.575
16/10/2009;33.45
19/10/2009;34.62
20/10/2009;34.95
21/10/2009;35.46
22/10/2009;35.55
23/10/2009;36.14
26/10/2009;35.51
27/10/2009;34.46
28/10/2009;33.145
29/10/2009;34.105
30/10/2009;33.23
02/11/2009;33.55
03/11/2009;31.755
04/11/2009;32.34
05/11/2009;32.775
06/11/2009;33.14
09/11/2009;33.53
10/11/2009;32.69
11/11/2009;33.03
12/11/2009;33.205
13/11/2009;33.545
16/11/2009;34.56
17/11/2009;33.935
18/11/2009;33.89
19/11/2009;33.185
20/11/2009;32.75
23/11/2009;32.88
24/11/2009;32.48
25/11/2009;32.14
26/11/2009;31.34
27/11/2009;32.27
30/11/2009;31.52
01/12/2009;32.17
02/12/2009;31.64
03/12/2009;32.265
04/12/2009;32.79
07/12/2009;32.565
08/12/2009;32.29
09/12/2009;31.71
10/12/2009;31.61
11/12/2009;31.75
14/12/2009;31.705
15/12/2009;31.59
16/12/2009;32.1
17/12/2009;32.34
18/12/2009;31.815
21/12/2009;31.94
22/12/2009;31.97
23/12/2009;32.08
24/12/2009;32.08
25/12/2009;32.08
28/12/2009;31.81
29/12/2009;32
30/12/2009;32
31/12/2009;32
01/01/2010;32
04/01/2010;32.05
05/01/2010;32.34
06/01/2010;32.795
07/01/2010;33.095
08/01/2010;32.72
11/01/2010;32.25
12/01/2010;31.15
13/01/2010;31.54
14/01/2010;31.83
15/01/2010;31.61
18/01/2010;31.98
19/01/2010;32.49
20/01/2010;31.83
21/01/2010;30.975
22/01/2010;30.595
25/01/2010;30.3
26/01/2010;30.34
27/01/2010;29.6
28/01/2010;29.72
29/01/2010;30.94
01/02/2010;31.14
02/02/2010;31.35
03/02/2010;31.255
04/02/2010;30.32
05/02/2010;29.885
08/02/2010;29.63
09/02/2010;29.89
10/02/2010;29.79
11/02/2010;29.6
12/02/2010;29
15/02/2010;28.71
16/02/2010;29.455
17/02/2010;29.65
18/02/2010;29.52
19/02/2010;30.29
22/02/2010;30.26
23/02/2010;29.67
24/02/2010;29.585
25/02/2010;29.51
26/02/2010;29.78
01/03/2010;30.335
02/03/2010;31.15
03/03/2010;31.535
04/03/2010;31.515
05/03/2010;32.27
08/03/2010;31.93
09/03/2010;32.23
10/03/2010;32.24
11/03/2010;32.65
12/03/2010;32.59
15/03/2010;32.645
16/03/2010;32.81
17/03/2010;32.535
18/03/2010;32.29
19/03/2010;32.105
22/03/2010;32.65
23/03/2010;33.31
24/03/2010;33.385
25/03/2010;33.995
26/03/2010;34.07
29/03/2010;34.1
30/03/2010;33.805
31/03/2010;34.225
01/04/2010;35.13
02/04/2010;35.13
05/04/2010;35.13
06/04/2010;35.45
07/04/2010;34.91
08/04/2010;34.545
09/04/2010;34.83
12/04/2010;35.19
13/04/2010;35.31
14/04/2010;35.41
15/04/2010;35.31
16/04/2010;35.295
19/04/2010;35.185
20/04/2010;36.7
21/04/2010;36.635
22/04/2010;36.515
23/04/2010;37.2
26/04/2010;37.75
27/04/2010;36.81
28/04/2010;36.55
29/04/2010;36.855
30/04/2010;37.09
03/05/2010;37.345
04/05/2010;35.89
05/05/2010;35.96
06/05/2010;36.34
07/05/2010;35.7
10/05/2010;37.6
11/05/2010;38.205
12/05/2010;38.905
13/05/2010;39.395
14/05/2010;38.75
17/05/2010;38.68
18/05/2010;39.495
19/05/2010;37.345
20/05/2010;36.31
21/05/2010;36.01
24/05/2010;36.195
25/05/2010;35.38
26/05/2010;35.9
27/05/2010;37.21
28/05/2010;37.375
31/05/2010;37.965
01/06/2010;37.925
02/06/2010;38.37
03/06/2010;39.135
04/06/2010;38.11
07/06/2010;38.335
08/06/2010;37.65
09/06/2010;38.77
10/06/2010;40.51
11/06/2010;40.04
14/06/2010;39.7
15/06/2010;39.9
16/06/2010;39.01
17/06/2010;39.73
18/06/2010;40.64
21/06/2010;41.795
22/06/2010;41.445
23/06/2010;41.59
24/06/2010;41.4
25/06/2010;40.585
28/06/2010;41.23
29/06/2010;39.945
30/06/2010;40.145
01/07/2010;38.725
02/07/2010;37.85
05/07/2010;38.125
06/07/2010;38.975
07/07/2010;39.92
08/07/2010;39.05
09/07/2010;39.12
12/07/2010;38.89
13/07/2010;41.845
14/07/2010;41.69
15/07/2010;42.32
16/07/2010;42.05
19/07/2010;41.62
20/07/2010;41.15
21/07/2010;41.08
22/07/2010;41.925
23/07/2010;41.92
26/07/2010;42.16
27/07/2010;41.59
28/07/2010;40.92
29/07/2010;40.92
30/07/2010;41.33
02/08/2010;41.855
03/08/2010;43.085
04/08/2010;43.56
05/08/2010;44.465
06/08/2010;44.095
09/08/2010;44.385
10/08/2010;43.47
11/08/2010;42.49
12/08/2010;42.015
13/08/2010;41.975
16/08/2010;41.89
17/08/2010;43.115
18/08/2010;43.665
19/08/2010;42.86
20/08/2010;41.97
23/08/2010;41.91
24/08/2010;41.5
25/08/2010;41.46
26/08/2010;41.7
27/08/2010;41.81
30/08/2010;41.15
31/08/2010;41.51
01/09/2010;42.865
02/09/2010;43.65
03/09/2010;44.195
06/09/2010;44.05
07/09/2010;43.935
08/09/2010;44.89
09/09/2010;45.22
10/09/2010;46.135
13/09/2010;46.165
14/09/2010;46.925
15/09/2010;47.15
16/09/2010;47.175
17/09/2010;47.24
20/09/2010;48.92
21/09/2010;48.385
22/09/2010;48.055
23/09/2010;48.24
24/09/2010;50.11
27/09/2010;50.04
28/09/2010;50.57
29/09/2010;51.09
30/09/2010;51.43
01/10/2010;49.52
04/10/2010;48.12
05/10/2010;50.04
06/10/2010;49.49
07/10/2010;49.86
08/10/2010;50.09
11/10/2010;49.765
12/10/2010;50.19
13/10/2010;49.96
14/10/2010;50.02
15/10/2010;49.655
18/10/2010;48.975
19/10/2010;49.09
20/10/2010;49.595
21/10/2010;49.96
22/10/2010;49.97
25/10/2010;50.76
26/10/2010;50.54
27/10/2010;49.95
28/10/2010;49.78
29/10/2010;51.41
01/11/2010;52.93
02/11/2010;52.4
03/11/2010;51.69
04/11/2010;53.75
05/11/2010;53.99
08/11/2010;53.57
09/11/2010;54.7
10/11/2010;53.96
11/11/2010;54.44
12/11/2010;55
15/11/2010;55.89
16/11/2010;54.65
17/11/2010;54.43
18/11/2010;56.15
19/11/2010;56.66
22/11/2010;57.57
23/11/2010;56.68
24/11/2010;59
25/11/2010;59.71
26/11/2010;58.95
29/11/2010;57.76
30/11/2010;58.04
01/12/2010;61.1
02/12/2010;63.73
03/12/2010;63.86
06/12/2010;62.85
07/12/2010;64.06
08/12/2010;62.28
09/12/2010;60.09
10/12/2010;62.72
13/12/2010;63.32
14/12/2010;62.6
15/12/2010;62.3
16/12/2010;62.82
17/12/2010;61.91
20/12/2010;62.98
21/12/2010;64.65
22/12/2010;64.47
23/12/2010;63.3
24/12/2010;63.3
27/12/2010;59.54
28/12/2010;58.16
29/12/2010;58.68
30/12/2010;58.71
31/12/2010;58.71
03/01/2011;61.31
04/01/2011;60.77
05/01/2011;60.06
06/01/2011;59.83
07/01/2011;59.47
10/01/2011;58.56
11/01/2011;59.52
12/01/2011;59.64
13/01/2011;57.67
14/01/2011;58.79
17/01/2011;58.59
18/01/2011;58.66
19/01/2011;57.74
20/01/2011;55.7
21/01/2011;55.87
24/01/2011;55.47
25/01/2011;56.07
26/01/2011;57.06
27/01/2011;57.24
28/01/2011;56.87
31/01/2011;56.22
01/02/2011;56.57
02/02/2011;56.47
03/02/2011;57.45
04/02/2011;57.02
07/02/2011;58.77
08/02/2011;61.49
09/02/2011;61.36
10/02/2011;61.61
11/02/2011;62.97
14/02/2011;63.43
15/02/2011;62.13
16/02/2011;61.64
17/02/2011;61.04
18/02/2011;60.66
21/02/2011;60.1
22/02/2011;60.19
23/02/2011;58.15
24/02/2011;56.95
25/02/2011;58.82
28/02/2011;59.1
01/03/2011;59.56
02/03/2011;58.15
03/03/2011;58.37
04/03/2011;57.53
07/03/2011;57.47
08/03/2011;58.05
09/03/2011;58.24
10/03/2011;57.09
11/03/2011;56.49
14/03/2011;56.06
15/03/2011;53.86
16/03/2011;52.39
17/03/2011;54.09
18/03/2011;55.09
21/03/2011;55.57
22/03/2011;54.69
23/03/2011;55.43
24/03/2011;57.59
25/03/2011;57.16
28/03/2011;57.4
29/03/2011;57.39
30/03/2011;58.69
31/03/2011;58.86
01/04/2011;61.01
04/04/2011;60.69
05/04/2011;60.88
06/04/2011;60.13
07/04/2011;59.2
08/04/2011;58.57
11/04/2011;57.12
12/04/2011;56.78
13/04/2011;57.62
14/04/2011;57.9
15/04/2011;58.09
18/04/2011;57.04
19/04/2011;58.96
20/04/2011;60.37
21/04/2011;60.82
22/04/2011;60.82
25/04/2011;60.82
26/04/2011;61.74
27/04/2011;61.98
28/04/2011;63.14
29/04/2011;63.51
02/05/2011;64.5
03/05/2011;63.34
04/05/2011;62.3
05/05/2011;61.5
06/05/2011;62.05
09/05/2011;61.6
10/05/2011;62.84
11/05/2011;62.84
12/05/2011;63.4
13/05/2011;61.5
16/05/2011;61.39
17/05/2011;60.75
18/05/2011;61.54
19/05/2011;62.05
20/05/2011;61.13
23/05/2011;59.03
24/05/2011;60.12
25/05/2011;60.72
26/05/2011;60.02
27/05/2011;60.83
30/05/2011;60.84
31/05/2011;61.45
01/06/2011;60.51
02/06/2011;60.32
03/06/2011;60.46
06/06/2011;60.62
07/06/2011;60.38
08/06/2011;60.66
09/06/2011;62.76
10/06/2011;62.27
13/06/2011;62.31
14/06/2011;63.24
15/06/2011;61.97
16/06/2011;63.1
17/06/2011;63.9
20/06/2011;64.03
21/06/2011;64.43
22/06/2011;65.45
23/06/2011;65.35
24/06/2011;67
27/06/2011;67.8
28/06/2011;69.2
29/06/2011;69
30/06/2011;68.81
01/07/2011;67.86
04/07/2011;68.9
05/07/2011;68.79
06/07/2011;68
07/07/2011;69.25
08/07/2011;68.69
11/07/2011;66.55
12/07/2011;67.68
13/07/2011;70.14
14/07/2011;70.77
15/07/2011;72.21
18/07/2011;71.24
19/07/2011;72.16
20/07/2011;71.91
21/07/2011;71.1
22/07/2011;71.48
25/07/2011;73.82
26/07/2011;72.19
27/07/2011;70.61
28/07/2011;70.25
29/07/2011;69.78
01/08/2011;68
02/08/2011;65.56
03/08/2011;65.83
04/08/2011;61.07
05/08/2011;62.19
08/08/2011;54.58
09/08/2011;59.3
10/08/2011;57.61
11/08/2011;58.3
12/08/2011;59.67
15/08/2011;59.79
16/08/2011;58.3
17/08/2011;58.29
18/08/2011;53.93
19/08/2011;52.55
22/08/2011;49.945
23/08/2011;51.96
24/08/2011;53.97
25/08/2011;53.25
26/08/2011;55
29/08/2011;54.7
30/08/2011;54.28
31/08/2011;56.31
01/09/2011;56.3
02/09/2011;54.16
05/09/2011;50.66
06/09/2011;50.91
07/09/2011;53.9
08/09/2011;52.94
09/09/2011;51.44
12/09/2011;50.92
13/09/2011;52.29
14/09/2011;55.97
15/09/2011;56.71
16/09/2011;57.28
19/09/2011;56.05
20/09/2011;57.45
21/09/2011;56.32
22/09/2011;52.9
23/09/2011;52.44
26/09/2011;50.79
27/09/2011;53.96
28/09/2011;53.13
29/09/2011;52.66
30/09/2011;49.84
03/10/2011;46.35
04/10/2011;44.945
05/10/2011;47.285
06/10/2011;48.8
07/10/2011;50.49
10/10/2011;52.86
11/10/2011;53.55
12/10/2011;54.74
13/10/2011;54.89
14/10/2011;56.35
17/10/2011;54.33
18/10/2011;55.28
19/10/2011;54.67
20/10/2011;54.07
21/10/2011;56.91
24/10/2011;57.95
25/10/2011;57.92
26/10/2011;58.21
27/10/2011;61.29
28/10/2011;61.76
31/10/2011;59.06
01/11/2011;56.9
02/11/2011;58.1
03/11/2011;60.5
04/11/2011;58.21
07/11/2011;58.06
08/11/2011;59.17
09/11/2011;56.32
10/11/2011;58.06
11/11/2011;58.31
14/11/2011;57.8
15/11/2011;57.88
16/11/2011;56.19
17/11/2011;53.87
18/11/2011;53.78
21/11/2011;51.4
22/11/2011;51.12
23/11/2011;49.25
24/11/2011;50.2
25/11/2011;50.25
28/11/2011;53.07
29/11/2011;52.8
30/11/2011;55.88
01/12/2011;55.2
02/12/2011;55.69
05/12/2011;56.076
06/12/2011;56.268
07/12/2011;55.9
08/12/2011;53.71
09/12/2011;53.82
12/12/2011;52.765
13/12/2011;53.045
14/12/2011;50.859
15/12/2011;50.92
16/12/2011;49.916
19/12/2011;50.262
20/12/2011;52.295
21/12/2011;52.626
22/12/2011;52.884
23/12/2011;52.44
26/12/2011;52.44
27/12/2011;52.824
28/12/2011;51.26
29/12/2011;51.61
30/12/2011;51.545
02/01/2012;53.06
03/01/2012;54.948
04/01/2012;56.099
05/01/2012;56.27
06/01/2012;55.57
09/01/2012;56.632
10/01/2012;58.729
11/01/2012;59.005
12/01/2012;59.529
13/01/2012;58.038
16/01/2012;60.176
17/01/2012;61.873
18/01/2012;62.181
19/01/2012;62.86
20/01/2012;63.57
23/01/2012;63.682
24/01/2012;63.15
25/01/2012;63.759
26/01/2012;65.08
27/01/2012;64.75
30/01/2012;64.451
31/01/2012;65.489
01/02/2012;68.115
02/02/2012;67.699
03/02/2012;69.78
06/02/2012;70.726
07/02/2012;69.696
08/02/2012;69.399
09/02/2012;71.938
10/02/2012;69.873
13/02/2012;70.67
14/02/2012;69.564
15/02/2012;69.868
16/02/2012;70.928
17/02/2012;71.921
20/02/2012;72.2
21/02/2012;71.85
22/02/2012;70.83
23/02/2012;69.639
24/02/2012;70.448
27/02/2012;69.118
28/02/2012;69.84
29/02/2012;69.501
01/03/2012;71.3
02/03/2012;70.304
05/03/2012;70.562
06/03/2012;66.7
07/03/2012;68.28
08/03/2012;69.5
09/03/2012;70.5
12/03/2012;70.922
13/03/2012;70.7
14/03/2012;72.947
15/03/2012;73.45
16/03/2012;72.964
19/03/2012;72.08
20/03/2012;68.825
21/03/2012;68.959
22/03/2012;67.62
23/03/2012;68.051
26/03/2012;68.69
27/03/2012;68.38
28/03/2012;67.02
29/03/2012;65.525
30/03/2012;67.449
02/04/2012;69.1
03/04/2012;68
04/04/2012;66.653
05/04/2012;66.55
06/04/2012;66.55
09/04/2012;66.55
10/04/2012;64.78
11/04/2012;66.98
12/04/2012;68.93
13/04/2012;67.537
16/04/2012;68.86
17/04/2012;69.798
18/04/2012;69.38
19/04/2012;68.28
20/04/2012;69.564
23/04/2012;67.292
24/04/2012;67.416
25/04/2012;69.699
26/04/2012;71
27/04/2012;72.06
30/04/2012;71.83
01/05/2012;71.83
02/05/2012;71.483
03/05/2012;71.599
04/05/2012;69.33
07/05/2012;70.396
08/05/2012;67.865
09/05/2012;67.75
10/05/2012;66.418
11/05/2012;67.212
14/05/2012;66.613
15/05/2012;66.224
16/05/2012;66.284
17/05/2012;62.832
18/05/2012;60.944
21/05/2012;61.917
22/05/2012;63.433
23/05/2012;62.07
24/05/2012;61.7
25/05/2012;61.821
28/05/2012;62.375
29/05/2012;63.999
30/05/2012;62.117
31/05/2012;61.4
01/06/2012;58.644
04/06/2012;56.799
05/06/2012;57.535
06/06/2012;58.777
07/06/2012;59.826
08/06/2012;59.037
11/06/2012;59.066
12/06/2012;58.573
13/06/2012;57.85
14/06/2012;56.24
15/06/2012;56.23
18/06/2012;57.282
19/06/2012;58.292
20/06/2012;58.202
21/06/2012;57.288
22/06/2012;56.499
25/06/2012;55.199
26/06/2012;53.85
27/06/2012;54.862
28/06/2012;54.267
29/06/2012;56.899
02/07/2012;57.55
03/07/2012;59.288
04/07/2012;59.149
05/07/2012;59
06/07/2012;56.62
09/07/2012;56.845
10/07/2012;57.087
11/07/2012;56.67
12/07/2012;56.17
13/07/2012;57.679
16/07/2012;57.491
17/07/2012;58.049
18/07/2012;58.773
19/07/2012;59.546
20/07/2012;58.268
23/07/2012;56.705
24/07/2012;54.852
25/07/2012;56.12
26/07/2012;57.292
27/07/2012;59.5
30/07/2012;60.26
31/07/2012;60.75
01/08/2012;58.859
02/08/2012;56.41
03/08/2012;58.29
06/08/2012;59.429
07/08/2012;60.704
08/08/2012;60.044
09/08/2012;60.06
10/08/2012;59.929
13/08/2012;59.084
14/08/2012;59.145
15/08/2012;59.113
16/08/2012;60.124
17/08/2012;61.284
20/08/2012;61.199
21/08/2012;61.548
22/08/2012;61.296
23/08/2012;60.769
24/08/2012;59.896
27/08/2012;60.655
28/08/2012;60.477
29/08/2012;60.039
30/08/2012;57.658
31/08/2012;57.846
03/09/2012;57.17
04/09/2012;55.628
05/09/2012;55.05
06/09/2012;57.14
07/09/2012;58.077
10/09/2012;58.52
11/09/2012;59.401
12/09/2012;60.549
13/09/2012;60.375
14/09/2012;61.698
17/09/2012;61.611
18/09/2012;60.31
19/09/2012;61.216
20/09/2012;59.282
21/09/2012;59.715
24/09/2012;59.625
25/09/2012;58.832
26/09/2012;57.653
27/09/2012;58.157
28/09/2012;57.241
01/10/2012;57.303
02/10/2012;57.599
03/10/2012;57.906
04/10/2012;59.904
05/10/2012;60.945
08/10/2012;60.135
09/10/2012;60
10/10/2012;59.306
11/10/2012;60.742
12/10/2012;60.325
15/10/2012;60.74
16/10/2012;60.94
17/10/2012;61.576
18/10/2012;61.684
19/10/2012;61.778
22/10/2012;61.318
23/10/2012;60.7
24/10/2012;60.358
25/10/2012;60.385
26/10/2012;60.936
29/10/2012;60.584
30/10/2012;61.601
31/10/2012;61.499
01/11/2012;63.3
02/11/2012;64.684
05/11/2012;64.69
06/11/2012;64.54
07/11/2012;64.79
08/11/2012;63.66
09/11/2012;64.14
12/11/2012;63.791
13/11/2012;63.409
14/11/2012;63.1
15/11/2012;62.529
16/11/2012;61.939
19/11/2012;64.925
20/11/2012;65.632
21/11/2012;66.193
22/11/2012;65.579
23/11/2012;65.735
26/11/2012;66.278
27/11/2012;66.634
28/11/2012;67.213
29/11/2012;67.75
30/11/2012;68.35
03/12/2012;67.99
04/12/2012;67.83
05/12/2012;68.271
06/12/2012;68.63
07/12/2012;69.029
10/12/2012;69.36
11/12/2012;70.544
12/12/2012;71.338
13/12/2012;70.494
14/12/2012;71.749
17/12/2012;71.625
18/12/2012;71.848
19/12/2012;71.85
20/12/2012;72.06
21/12/2012;72.82
24/12/2012;72.82
25/12/2012;72.82
26/12/2012;72.82
27/12/2012;73.32
28/12/2012;73.088
31/12/2012;73.088
01/01/2013;73.088
02/01/2013;75.801
03/01/2013;75.574
04/01/2013;75.693
07/01/2013;75.786
08/01/2013;73.599
09/01/2013;72.29
10/01/2013;73.321
11/01/2013;73.109
14/01/2013;73.36
15/01/2013;72.7
16/01/2013;73.038
17/01/2013;73.724
18/01/2013;73.43
21/01/2013;74.279
22/01/2013;74.199
23/01/2013;74.328
24/01/2013;74.457
25/01/2013;75.64
28/01/2013;75.654
29/01/2013;75.5
30/01/2013;74.81
31/01/2013;74.176
01/02/2013;74.587
04/02/2013;71.949
05/02/2013;71.93
06/02/2013;71.211
07/02/2013;71.889
08/02/2013;73.797
11/02/2013;71.989
12/02/2013;71.691
13/02/2013;72.2
14/02/2013;71.614
15/02/2013;71.454
18/02/2013;71.34
19/02/2013;71.633
20/02/2013;70.695
21/02/2013;69.106
22/02/2013;68.864
25/02/2013;69.06
26/02/2013;69.725
27/02/2013;70.532
28/02/2013;70.755
01/03/2013;69.418
04/03/2013;69.613
05/03/2013;71.261
06/03/2013;71.738
07/03/2013;71.909
08/03/2013;72.41
11/03/2013;72.73
12/03/2013;72.01
13/03/2013;71.113
14/03/2013;71.038
15/03/2013;70.224
18/03/2013;70.32
19/03/2013;68.888
20/03/2013;70.147
21/03/2013;69.34
22/03/2013;69.614
25/03/2013;69.499
26/03/2013;69.968
27/03/2013;69.02
28/03/2013;67.84
29/03/2013;67.84
01/04/2013;67.84
02/04/2013;68.392
03/04/2013;68.324
04/04/2013;67.65
05/04/2013;66.3
08/04/2013;66.424
09/04/2013;65.847
10/04/2013;68.15
11/04/2013;68.885
12/04/2013;67.584
15/04/2013;66.337
16/04/2013;67.117
17/04/2013;65.16
18/04/2013;63.762
19/04/2013;64.839
22/04/2013;65.669
23/04/2013;66.776
24/04/2013;68.1
25/04/2013;68.954
26/04/2013;68.93
29/04/2013;70.151
30/04/2013;70.018
01/05/2013;70.018
02/05/2013;70.726
03/05/2013;72.209
06/05/2013;71.501
07/05/2013;71.149
08/05/2013;71.109
09/05/2013;71.118
10/05/2013;71.859
13/05/2013;72.35
14/05/2013;72.939
15/05/2013;71.799
16/05/2013;71.469
17/05/2013;71.861
20/05/2013;73.965
21/05/2013;73.57
22/05/2013;73.001
23/05/2013;71.4
24/05/2013;70.954
27/05/2013;71.979
28/05/2013;72.44
29/05/2013;72.44
30/05/2013;73.24
31/05/2013;73.638
03/06/2013;73.271
04/06/2013;73.21
05/06/2013;72.21
06/06/2013;71.118
07/06/2013;72
10/06/2013;72.391
11/06/2013;71.059
12/06/2013;70.228
13/06/2013;69.367
14/06/2013;70
17/06/2013;70.501
18/06/2013;69.932
19/06/2013;69.827
20/06/2013;66.583
21/06/2013;64.9
24/06/2013;64.25
25/06/2013;66.09
26/06/2013;67.103
27/06/2013;67.46
28/06/2013;67.263
01/07/2013;67.363
02/07/2013;66.35
03/07/2013;66.312
04/07/2013;67.784
05/07/2013;66.362
08/07/2013;67.766
09/07/2013;69.226
10/07/2013;69
11/07/2013;69.913
12/07/2013;70.5
15/07/2013;70.958
16/07/2013;70.862
17/07/2013;71.112
18/07/2013;71.809
19/07/2013;72.025
22/07/2013;71.991
23/07/2013;72.47
24/07/2013;73.681
25/07/2013;74.342
26/07/2013;74.068
29/07/2013;73.958
30/07/2013;74.242
31/07/2013;73.559
01/08/2013;72.78
02/08/2013;72.58
05/08/2013;72.029
06/08/2013;71.271
07/08/2013;70.808
08/08/2013;71.769
09/08/2013;72.33
12/08/2013;73.091
13/08/2013;74.2
14/08/2013;74.218
15/08/2013;74.252
16/08/2013;75.286
19/08/2013;75.123
20/08/2013;73.798
21/08/2013;73.711
22/08/2013;75.007
23/08/2013;75.306
26/08/2013;75.177
27/08/2013;72.71
28/08/2013;71.889
29/08/2013;72.41
30/08/2013;71.281
02/09/2013;72.85
03/09/2013;71.969
04/09/2013;72.58
05/09/2013;77
06/09/2013;77.476
09/09/2013;78.227
10/09/2013;79.308
11/09/2013;80
12/09/2013;79.689
13/09/2013;79.711
16/09/2013;80.41
17/09/2013;80.249
18/09/2013;79.941
19/09/2013;81.339
20/09/2013;80.47
23/09/2013;80.26
24/09/2013;81.021
25/09/2013;80.38
26/09/2013;79.671
27/09/2013;80.28
30/09/2013;79.599
01/10/2013;80.99
02/10/2013;79.341
03/10/2013;79.559
04/10/2013;79.679
07/10/2013;79.268
08/10/2013;78.383
09/10/2013;78.852
10/10/2013;80.69
11/10/2013;80.94
14/10/2013;80.88
15/10/2013;82.977
16/10/2013;82.442
17/10/2013;81.918
18/10/2013;82.132
21/10/2013;82.141
22/10/2013;81.9
23/10/2013;82.102
24/10/2013;83.554
25/10/2013;83.596
28/10/2013;82.613
29/10/2013;82.188
30/10/2013;82.388
31/10/2013;83.68
01/11/2013;83.003
04/11/2013;84.051
05/11/2013;81.551
06/11/2013;82.342
